1,0.465,0.34,0.105,0.486,0.231,0.1035,0.1225,2
0,0.58,0.42,0.14,0.701,0.3285,0.102,0.2255,2
-1,0.62,0.48,0.16,1.1125,0.5635,0.2445,0.281,1
0,0.5,0.375,0.12,0.529,0.2235,0.123,0.16,1
-1,0.6,0.475,0.155,1.21,0.653,0.1695,0.3205,2
0,0.37,0.275,0.08,0.2325,0.093,0.056,0.072,1
-1,0.64,0.485,0.145,1.1335,0.5525,0.2505,0.3015,3
-1,0.535,0.425,0.155,0.7765,0.302,0.1565,0.25,3
0,0.37,0.29,0.1,0.25,0.1025,0.0505,0.085,2
1,0.625,0.47,0.145,1.7855,0.675,0.247,0.3245,3
-1,0.58,0.425,0.15,0.844,0.3645,0.185,0.2705,2
1,0.655,0.505,0.165,1.27,0.6035,0.262,0.335,2
1,0.395,0.295,0.115,0.316,0.1205,0.0595,0.1105,3
1,0.715,0.525,0.2,1.89,0.95,0.436,0.4305,2
0,0.415,0.335,0.1,0.358,0.169,0.067,0.105,1
0,0.455,0.35,0.135,0.5365,0.2855,0.0855,0.1325,1
1,0.52,0.4,0.125,0.559,0.254,0.139,0.149,1
1,0.56,0.42,0.15,0.8755,0.44,0.1965,0.2315,1
0,0.635,0.5,0.18,1.319,0.5485,0.292,0.49,3
0,0.515,0.385,0.125,0.6115,0.3175,0.1265,0.15,1
-1,0.68,0.5,0.185,1.741,0.7665,0.3255,0.4685,3
1,0.525,0.4,0.14,0.7205,0.3685,0.145,0.1735,1
1,0.63,0.485,0.18,1.2435,0.5175,0.308,0.37,3
-1,0.61,0.485,0.18,1.2795,0.5735,0.2855,0.355,1
0,0.63,0.475,0.145,1.0605,0.5165,0.2195,0.28,2
-1,0.45,0.35,0.135,0.56,0.231,0.137,0.145,3
-1,0.65,0.49,0.155,1.122,0.545,0.228,0.3055,2
1,0.45,0.34,0.13,0.3715,0.1605,0.0795,0.105,2
-1,0.6,0.465,0.16,1.133,0.466,0.2885,0.298,3
0,0.245,0.195,0.06,0.095,0.0445,0.0245,0.026,1
-1,0.515,0.425,0.135,0.712,0.2665,0.1605,0.25,3
1,0.51,0.395,0.125,0.5805,0.244,0.1335,0.188,3
1,0.47,0.375,0.13,0.5795,0.2145,0.164,0.195,3
0,0.275,0.205,0.075,0.1105,0.045,0.0285,0.035,1
0,0.48,0.355,0.125,0.494,0.2385,0.0835,0.15,2
-1,0.63,0.515,0.16,1.336,0.553,0.3205,0.35,3
-1,0.615,0.48,0.16,1.2525,0.585,0.2595,0.33,1
1,0.525,0.41,0.13,0.6875,0.3435,0.1495,0.1765,2
1,0.565,0.43,0.15,0.831,0.4245,0.1735,0.219,2
1,0.665,0.535,0.225,2.1835,0.7535,0.391,0.885,3
1,0.635,0.48,0.19,1.467,0.5825,0.303,0.42,3
0,0.21,0.15,0.055,0.0455,0.02,0.0065,0.013,1
-1,0.635,0.52,0.165,1.3405,0.5065,0.296,0.412,3
-1,0.68,0.55,0.175,1.473,0.713,0.282,0.4295,3
0,0.405,0.31,0.065,0.3205,0.1575,0.066,0.088,1
0,0.25,0.185,0.065,0.071,0.027,0.0185,0.0225,1
1,0.32,0.24,0.08,0.18,0.08,0.0385,0.055,1
0,0.485,0.365,0.09,0.651,0.3165,0.132,0.18,1
-1,0.535,0.4,0.135,0.8215,0.3935,0.196,0.205,1
0,0.385,0.29,0.085,0.2505,0.112,0.061,0.08,1
0,0.405,0.315,0.105,0.347,0.1605,0.0785,0.1,2
-1,0.57,0.425,0.13,0.782,0.3695,0.1745,0.1965,1
0,0.475,0.35,0.1,0.4545,0.2165,0.111,0.115,1
0,0.32,0.25,0.08,0.1565,0.057,0.034,0.06,2
1,0.47,0.365,0.12,0.612,0.327,0.15,0.14,1
0,0.35,0.265,0.11,0.209,0.066,0.059,0.075,2
1,0.75,0.595,0.205,2.2205,1.083,0.421,0.63,3
1,0.545,0.41,0.145,0.873,0.3035,0.196,0.31,3
-1,0.55,0.425,0.145,0.797,0.297,0.15,0.265,2
-1,0.67,0.52,0.195,1.8065,0.758,0.3735,0.5055,3
1,0.485,0.41,0.15,0.696,0.2405,0.1625,0.265,3
-1,0.555,0.42,0.11,0.931,0.4445,0.171,0.225,1
1,0.465,0.36,0.125,0.4365,0.169,0.1075,0.145,3
-1,0.72,0.59,0.205,1.7495,0.7755,0.4225,0.48,3
0,0.275,0.2,0.065,0.1165,0.0565,0.013,0.035,1
0,0.455,0.37,0.11,0.514,0.2385,0.1235,0.126,1
1,0.33,0.235,0.09,0.163,0.0615,0.034,0.055,2
-1,0.39,0.29,0.125,0.3055,0.121,0.082,0.09,1
-1,0.575,0.43,0.155,0.7955,0.3485,0.1925,0.22,2
0,0.335,0.25,0.095,0.185,0.0795,0.0495,0.055,1
-1,0.66,0.5,0.165,1.1905,0.4585,0.298,0.37,3
1,0.605,0.475,0.15,1.15,0.575,0.232,0.297,2
0,0.455,0.375,0.12,0.497,0.2355,0.1055,0.1295,1
-1,0.58,0.44,0.18,0.854,0.3665,0.1635,0.245,3
-1,0.635,0.485,0.155,1.073,0.467,0.1975,0.35,3
0,0.55,0.435,0.14,0.7535,0.3285,0.1555,0.2325,2
1,0.175,0.135,0.04,0.0305,0.011,0.0075,0.01,1
-1,0.64,0.51,0.165,1.486,0.7595,0.332,0.321,1
0,0.38,0.285,0.09,0.2305,0.1005,0.039,0.0775,1
1,0.725,0.505,0.185,1.978,1.026,0.4255,0.4505,3
1,0.51,0.415,0.14,0.8185,0.3025,0.2155,0.235,3
0,0.17,0.13,0.095,0.03,0.013,0.008,0.01,1
0,0.375,0.285,0.1,0.239,0.105,0.0555,0.07,1
0,0.455,0.355,0.08,0.452,0.2165,0.0995,0.125,2
0,0.525,0.4,0.14,0.601,0.2625,0.1285,0.1835,2
1,0.525,0.395,0.165,0.782,0.285,0.1405,0.285,3
-1,0.485,0.365,0.12,0.5885,0.27,0.131,0.175,2
0,0.425,0.38,0.105,0.3265,0.1285,0.0785,0.1,2
1,0.59,0.475,0.165,1.077,0.4545,0.244,0.3095,2
-1,0.73,0.57,0.165,2.0165,1.0685,0.418,0.435,2
-1,0.505,0.425,0.14,0.85,0.275,0.1625,0.285,3
0,0.525,0.4,0.14,0.654,0.305,0.16,0.169,1
0,0.53,0.4,0.125,0.617,0.279,0.127,0.19,1
-1,0.52,0.405,0.14,0.8175,0.2795,0.183,0.26,3
1,0.595,0.475,0.16,1.3175,0.408,0.234,0.58,3
1,0.72,0.585,0.22,1.914,0.9155,0.448,0.479,3
1,0.73,0.595,0.23,2.8255,1.1465,0.419,0.897,3
0,0.335,0.25,0.08,0.1695,0.0695,0.044,0.0495,1
-1,0.68,0.55,0.21,1.7445,0.5975,0.305,0.625,3
1,0.48,0.385,0.145,0.64,0.2925,0.1405,0.1575,1
1,0.34,0.255,0.095,0.213,0.081,0.034,0.07,2
0,0.605,0.49,0.165,1.071,0.482,0.1935,0.352,2
0,0.075,0.055,0.01,0.002,0.001,0.0005,0.0015,1
0,0.6,0.445,0.135,0.9205,0.445,0.2035,0.253,2
1,0.6,0.475,0.175,1.3445,0.549,0.2875,0.36,3
1,0.575,0.465,0.12,1.0535,0.516,0.2185,0.235,2
1,0.525,0.405,0.16,0.792,0.316,0.1455,0.28,3
-1,0.585,0.475,0.185,0.8575,0.3465,0.1785,0.275,3
1,0.39,0.285,0.095,0.271,0.11,0.06,0.08,1
0,0.515,0.39,0.14,0.5555,0.2,0.1135,0.2235,3
1,0.465,0.35,0.14,0.5755,0.2015,0.1505,0.19,3
1,0.545,0.41,0.12,0.793,0.434,0.1405,0.19,2
1,0.52,0.395,0.125,0.8115,0.4035,0.166,0.2,1
0,0.33,0.255,0.085,0.1655,0.063,0.039,0.06,1
1,0.745,0.585,0.215,2.499,0.9265,0.472,0.7,3
0,0.5,0.395,0.12,0.537,0.2165,0.1085,0.1785,2
0,0.35,0.27,0.075,0.215,0.1,0.036,0.065,1
-1,0.78,0.63,0.215,2.657,1.488,0.4985,0.586,3
-1,0.65,0.515,0.215,1.498,0.564,0.323,0.425,3
1,0.4,0.32,0.095,0.303,0.1335,0.06,0.1,1
0,0.41,0.33,0.105,0.335,0.1525,0.074,0.11,1
0,0.33,0.26,0.08,0.19,0.0765,0.0385,0.065,1
0,0.555,0.46,0.145,0.9005,0.3845,0.158,0.2765,3
0,0.43,0.33,0.1,0.449,0.254,0.0825,0.097,1
0,0.58,0.46,0.14,0.9265,0.4135,0.1845,0.27,2
0,0.385,0.29,0.095,0.312,0.143,0.0635,0.086,1
0,0.315,0.235,0.08,0.18,0.08,0.045,0.047,1
0,0.47,0.36,0.13,0.5225,0.198,0.1065,0.165,2
1,0.37,0.28,0.095,0.2225,0.0805,0.051,0.075,1
1,0.47,0.385,0.135,0.5895,0.2765,0.12,0.17,1
-1,0.575,0.425,0.15,0.8765,0.455,0.18,0.228,1
1,0.53,0.425,0.11,0.739,0.237,0.161,0.295,3
1,0.5,0.39,0.125,0.5215,0.2485,0.117,0.131,1
1,0.595,0.465,0.15,0.919,0.4335,0.1765,0.262,2
1,0.67,0.51,0.18,1.68,0.926,0.2975,0.3935,3
0,0.415,0.325,0.11,0.316,0.1385,0.0795,0.0925,1
0,0.475,0.365,0.115,0.499,0.232,0.0885,0.156,2
-1,0.415,0.305,0.13,0.32,0.1305,0.0755,0.105,1
1,0.6,0.46,0.155,0.9595,0.4455,0.189,0.295,3
-1,0.505,0.39,0.125,0.5445,0.246,0.15,0.1405,1
1,0.59,0.46,0.13,1.102,0.455,0.2055,0.33,3
-1,0.72,0.525,0.18,1.445,0.631,0.3215,0.435,1
0,0.3,0.22,0.08,0.121,0.0475,0.042,0.035,1
1,0.585,0.475,0.12,0.945,0.41,0.2115,0.28,3
-1,0.465,0.36,0.12,0.4765,0.192,0.1125,0.16,2
0,0.39,0.29,0.1,0.2845,0.1255,0.0635,0.081,1
0,0.365,0.27,0.085,0.2225,0.0935,0.0525,0.066,1
1,0.585,0.405,0.15,1.2565,0.435,0.202,0.325,3
-1,0.625,0.5,0.165,1.288,0.573,0.3035,0.315,2
1,0.46,0.375,0.14,0.5105,0.192,0.1045,0.205,2
1,0.655,0.49,0.175,1.3585,0.6395,0.294,0.365,2
0,0.565,0.43,0.125,0.6545,0.2815,0.139,0.21,2
-1,0.625,0.485,0.2,1.38,0.5845,0.302,0.401,2
-1,0.565,0.45,0.145,0.8495,0.4215,0.1685,0.225,1
0,0.33,0.26,0.085,0.1965,0.0915,0.0425,0.055,1
-1,0.55,0.43,0.15,0.655,0.2635,0.122,0.221,1
0,0.395,0.3,0.09,0.253,0.1155,0.05,0.075,1
0,0.295,0.215,0.07,0.121,0.047,0.0155,0.0405,1
0,0.555,0.435,0.145,0.6975,0.262,0.1575,0.24,3
-1,0.69,0.535,0.185,1.826,0.797,0.409,0.499,3
-1,0.62,0.48,0.175,1.0405,0.464,0.2225,0.3,2
1,0.37,0.29,0.09,0.241,0.11,0.045,0.069,2
0,0.48,0.37,0.125,0.5435,0.244,0.101,0.165,2
1,0.57,0.42,0.14,0.8745,0.416,0.165,0.25,1
0,0.485,0.365,0.14,0.4475,0.1895,0.0925,0.2305,1
-1,0.485,0.375,0.135,0.556,0.1925,0.1315,0.1685,2
0,0.55,0.405,0.15,0.6755,0.3015,0.1465,0.21,2
0,0.39,0.29,0.09,0.2625,0.117,0.054,0.077,1
0,0.445,0.355,0.095,0.3615,0.1415,0.0785,0.12,1
0,0.44,0.335,0.11,0.3885,0.175,0.0835,0.111,1
1,0.61,0.5,0.24,1.642,0.532,0.3345,0.69,3
-1,0.635,0.5,0.18,1.312,0.529,0.2485,0.485,3
-1,0.675,0.52,0.175,1.494,0.7365,0.3055,0.37,2
-1,0.45,0.36,0.11,0.447,0.203,0.082,0.13,3
-1,0.37,0.28,0.11,0.2305,0.0945,0.0465,0.075,2
0,0.495,0.375,0.12,0.614,0.2855,0.1365,0.161,1
0,0.185,0.135,0.04,0.027,0.0105,0.0055,0.009,1
1,0.655,0.59,0.2,1.5455,0.654,0.3765,0.415,3
1,0.48,0.38,0.135,0.528,0.2,0.1395,0.16,3
1,0.515,0.38,0.135,0.6615,0.2875,0.2095,0.155,2
-1,0.515,0.425,0.14,0.766,0.304,0.1725,0.255,3
0,0.305,0.23,0.075,0.1455,0.0595,0.0305,0.05,1
-1,0.46,0.365,0.125,0.4785,0.206,0.1045,0.141,1
0,0.385,0.3,0.125,0.343,0.1705,0.0735,0.081,1
0,0.335,0.26,0.1,0.192,0.0785,0.0585,0.07,1
1,0.64,0.565,0.23,1.521,0.644,0.372,0.406,3
1,0.565,0.45,0.14,1.0055,0.3785,0.244,0.265,3
-1,0.485,0.395,0.16,0.66,0.2475,0.128,0.235,3
1,0.415,0.315,0.115,0.3895,0.2015,0.065,0.103,2
1,0.495,0.4,0.14,0.7775,0.2015,0.18,0.25,3
1,0.59,0.46,0.145,0.929,0.38,0.24,0.255,2
-1,0.55,0.43,0.14,0.84,0.375,0.218,0.1945,1
0,0.37,0.275,0.095,0.257,0.1015,0.055,0.0825,1
0,0.27,0.19,0.08,0.081,0.0265,0.0195,0.03,1
-1,0.54,0.44,0.135,0.959,0.2385,0.221,0.3,3
0,0.5,0.4,0.12,0.616,0.261,0.143,0.1935,1
1,0.66,0.53,0.17,1.3905,0.5905,0.212,0.453,3
-1,0.42,0.32,0.13,0.4135,0.1645,0.106,0.119,2
-1,0.585,0.46,0.15,1.0035,0.503,0.2105,0.2515,3
-1,0.64,0.49,0.18,1.36,0.653,0.347,0.305,2
0,0.18,0.135,0.08,0.033,0.0145,0.007,0.01,1
1,0.515,0.4,0.14,0.7365,0.2955,0.184,0.185,3
1,0.7,0.53,0.19,1.3185,0.548,0.233,0.42,3
1,0.56,0.43,0.145,0.8995,0.464,0.1775,0.234,2
-1,0.645,0.49,0.215,1.406,0.4265,0.2285,0.51,3
1,0.615,0.48,0.18,1.1595,0.4845,0.2165,0.325,3
1,0.59,0.465,0.165,1.115,0.5165,0.273,0.275,2
-1,0.65,0.51,0.17,1.567,0.7245,0.349,0.391,2
-1,0.57,0.445,0.15,0.995,0.504,0.185,0.2505,2
0,0.28,0.12,0.075,0.117,0.0455,0.029,0.0345,1
0,0.36,0.28,0.08,0.1755,0.081,0.0505,0.07,1
0,0.425,0.34,0.1,0.3515,0.1625,0.082,0.094,1
0,0.235,0.175,0.04,0.0705,0.0335,0.015,0.02,1
1,0.575,0.445,0.16,0.839,0.4005,0.198,0.239,2
-1,0.635,0.475,0.15,1.1845,0.533,0.307,0.291,2
1,0.31,0.225,0.08,0.1345,0.054,0.024,0.05,1
-1,0.62,0.54,0.165,1.139,0.4995,0.2435,0.357,3
-1,0.445,0.335,0.11,0.4355,0.2025,0.1095,0.1195,1
0,0.42,0.325,0.125,0.3915,0.1575,0.1025,0.115,2
0,0.435,0.3,0.12,0.5965,0.259,0.139,0.1645,1
1,0.655,0.51,0.215,1.7835,0.8885,0.4095,0.4195,3
1,0.58,0.43,0.125,0.9115,0.446,0.2075,0.121,2
0,0.39,0.31,0.1,0.302,0.116,0.064,0.115,3
0,0.56,0.44,0.165,0.8,0.335,0.1735,0.25,3
-1,0.575,0.46,0.15,0.927,0.333,0.207,0.2985,2
1,0.65,0.525,0.185,1.622,0.6645,0.3225,0.477,2
0,0.35,0.26,0.09,0.1765,0.072,0.0355,0.0575,1
0,0.475,0.36,0.145,0.6325,0.2825,0.137,0.19,1
0,0.23,0.175,0.065,0.0645,0.026,0.0105,0.02,1
-1,0.29,0.225,0.075,0.14,0.0515,0.0235,0.04,1
0,0.535,0.42,0.145,0.6885,0.273,0.1515,0.237,2
0,0.375,0.275,0.085,0.22,0.109,0.05,0.0605,1
-1,0.475,0.39,0.12,0.5305,0.2135,0.1155,0.17,2
-1,0.505,0.385,0.115,0.616,0.243,0.1075,0.21,3
1,0.525,0.415,0.135,0.7945,0.394,0.189,0.202,1
1,0.575,0.435,0.15,0.805,0.293,0.1625,0.27,3
0,0.315,0.245,0.085,0.1435,0.053,0.0475,0.05,1
1,0.42,0.325,0.115,0.2885,0.1,0.057,0.1135,3
-1,0.675,0.525,0.155,1.4785,0.628,0.3405,0.42,2
-1,0.48,0.38,0.12,0.608,0.2705,0.1405,0.185,1
1,0.45,0.355,0.12,0.3955,0.147,0.0765,0.145,2
1,0.63,0.49,0.155,1.2525,0.63,0.246,0.289,2
-1,0.71,0.56,0.18,1.652,0.735,0.381,0.4525,3
0,0.43,0.32,0.1,0.3465,0.1635,0.08,0.09,1
1,0.295,0.215,0.075,0.129,0.05,0.0295,0.04,1
-1,0.615,0.5,0.205,1.1055,0.4445,0.227,0.39,3
0,0.255,0.185,0.065,0.074,0.0305,0.0165,0.02,1
0,0.45,0.33,0.115,0.365,0.14,0.0825,0.1245,1
-1,0.66,0.525,0.205,1.3665,0.5005,0.291,0.41,3
-1,0.75,0.61,0.235,2.5085,1.232,0.519,0.612,3
-1,0.56,0.43,0.15,0.8745,0.453,0.161,0.22,1
-1,0.57,0.45,0.175,0.9555,0.38,0.1665,0.295,3
-1,0.61,0.485,0.165,1.087,0.4255,0.232,0.38,3
1,0.46,0.345,0.11,0.4595,0.235,0.0885,0.116,1
-1,0.67,0.52,0.15,1.406,0.519,0.348,0.37,3
0,0.425,0.325,0.1,0.398,0.1185,0.0645,0.0945,1
-1,0.515,0.43,0.14,0.834,0.367,0.2,0.23,1
-1,0.385,0.305,0.105,0.3315,0.1365,0.0745,0.1,1
1,0.58,0.445,0.15,0.9525,0.4315,0.1945,0.287,3
-1,0.605,0.47,0.165,1.1775,0.611,0.2275,0.292,2
-1,0.65,0.545,0.185,1.5055,0.6565,0.341,0.43,2
0,0.415,0.325,0.1,0.385,0.167,0.08,0.125,1
1,0.57,0.445,0.15,0.9875,0.504,0.207,0.249,1
0,0.37,0.28,0.095,0.2865,0.1505,0.069,0.0795,1
1,0.51,0.405,0.15,0.7035,0.347,0.134,0.1885,1
-1,0.615,0.475,0.165,1.023,0.4905,0.1955,0.3035,3
1,0.68,0.54,0.21,1.7885,0.8345,0.408,0.437,3
-1,0.585,0.455,0.165,0.998,0.345,0.2495,0.315,3
-1,0.62,0.47,0.14,1.0325,0.3605,0.224,0.36,3
0,0.44,0.32,0.095,0.3275,0.1495,0.059,0.1,1
1,0.425,0.33,0.13,0.4405,0.152,0.0935,0.155,2
0,0.315,0.24,0.085,0.1715,0.071,0.0345,0.0535,1
1,0.585,0.46,0.145,0.9335,0.478,0.1825,0.235,2
0,0.44,0.325,0.11,0.4965,0.258,0.1195,0.1075,1
-1,0.525,0.41,0.135,0.7085,0.293,0.1525,0.235,3
-1,0.655,0.5,0.14,1.1705,0.5405,0.3175,0.285,3
0,0.38,0.27,0.08,0.2105,0.0865,0.042,0.07,1
0,0.515,0.395,0.125,0.556,0.2695,0.096,0.17,1
-1,0.54,0.42,0.13,0.7505,0.368,0.1675,0.1845,2
1,0.57,0.435,0.125,0.8965,0.383,0.1835,0.275,2
0,0.465,0.37,0.1,0.5055,0.234,0.11,0.14,1
1,0.32,0.24,0.085,0.17,0.0655,0.047,0.049,1
-1,0.73,0.56,0.19,1.9425,0.799,0.5195,0.5655,3
1,0.625,0.495,0.155,1.177,0.5055,0.278,0.345,2
-1,0.54,0.435,0.175,0.892,0.322,0.174,0.335,3
1,0.645,0.51,0.155,1.539,0.6405,0.3585,0.43,3
1,0.5,0.405,0.155,0.772,0.346,0.1535,0.245,3
1,0.7,0.565,0.18,1.751,0.895,0.3355,0.446,2
0,0.33,0.265,0.085,0.196,0.0775,0.0305,0.0445,1
1,0.55,0.42,0.17,0.8465,0.336,0.2405,0.245,3
-1,0.66,0.515,0.18,1.523,0.54,0.3365,0.555,3
1,0.61,0.475,0.175,1.024,0.409,0.261,0.322,2
0,0.46,0.345,0.11,0.3755,0.1525,0.058,0.125,1
1,0.625,0.52,0.175,1.4105,0.691,0.322,0.3465,2
-1,0.705,0.545,0.18,1.5395,0.6075,0.3675,0.4645,3
-1,0.625,0.485,0.15,1.0945,0.531,0.261,0.296,2
0,0.6,0.475,0.15,1.12,0.565,0.2465,0.27,2
1,0.675,0.54,0.175,1.5545,0.6645,0.278,0.512,3
0,0.11,0.09,0.03,0.008,0.0025,0.002,0.003,1
0,0.44,0.345,0.12,0.487,0.1965,0.108,0.16,3
-1,0.525,0.415,0.17,0.8325,0.2755,0.1685,0.31,3
-1,0.72,0.575,0.17,1.9335,0.913,0.389,0.51,3
-1,0.475,0.365,0.13,0.4805,0.1905,0.114,0.1475,3
0,0.29,0.21,0.07,0.1115,0.048,0.0205,0.03,1
1,0.51,0.4,0.13,0.6435,0.27,0.1665,0.205,3
0,0.51,0.375,0.15,0.8415,0.3845,0.156,0.255,2
1,0.445,0.35,0.14,0.5905,0.2025,0.158,0.19,3
1,0.48,0.355,0.16,0.464,0.221,0.106,0.239,1
1,0.37,0.28,0.1,0.252,0.1065,0.0595,0.074,1
1,0.415,0.305,0.1,0.325,0.156,0.0505,0.091,1
-1,0.685,0.53,0.17,1.5105,0.7385,0.3525,0.3725,2
0,0.475,0.355,0.115,0.5195,0.279,0.088,0.1325,1
-1,0.55,0.44,0.155,0.946,0.313,0.1825,0.335,3
1,0.63,0.48,0.165,1.286,0.604,0.271,0.35,1
0,0.4,0.32,0.095,0.348,0.194,0.053,0.087,1
0,0.315,0.23,0.07,0.144,0.053,0.0305,0.04,1
1,0.56,0.45,0.155,0.9125,0.3595,0.271,0.35,2
1,0.62,0.51,0.175,1.2815,0.5715,0.2385,0.39,2
-1,0.685,0.565,0.175,1.638,0.7775,0.375,0.438,3
1,0.585,0.465,0.155,0.9145,0.4555,0.1965,0.235,2
1,0.295,0.225,0.09,0.1385,0.048,0.046,0.05,2
1,0.645,0.5,0.175,1.286,0.5645,0.288,0.386,3
-1,0.505,0.41,0.15,0.6345,0.243,0.1335,0.215,3
0,0.575,0.455,0.18,0.8525,0.3015,0.1825,0.3,3
0,0.32,0.24,0.07,0.133,0.0585,0.0255,0.041,1
1,0.625,0.495,0.18,1.0815,0.4715,0.254,0.3135,2
1,0.525,0.435,0.155,1.065,0.486,0.233,0.285,1
0,0.5,0.41,0.14,0.6615,0.2585,0.1625,0.196,2
-1,0.67,0.545,0.16,1.5415,0.5985,0.2565,0.495,3
1,0.615,0.525,0.155,1.1375,0.367,0.236,0.37,3
1,0.5,0.38,0.12,0.5765,0.273,0.135,0.145,2
-1,0.58,0.435,0.14,0.953,0.475,0.2165,0.2095,2
1,0.62,0.47,0.145,1.0865,0.511,0.2715,0.2565,2
-1,0.62,0.5,0.175,1.146,0.477,0.23,0.39,3
-1,0.69,0.58,0.195,1.658,0.708,0.3615,0.4715,2
0,0.58,0.47,0.15,0.907,0.444,0.1855,0.2445,3
1,0.6,0.475,0.17,1.1315,0.508,0.272,0.309,2
1,0.64,0.53,0.165,1.1895,0.4765,0.3,0.35,3
0,0.415,0.315,0.09,0.3625,0.175,0.0835,0.093,1
0,0.365,0.265,0.135,0.2215,0.105,0.047,0.0605,1
1,0.415,0.315,0.125,0.388,0.068,0.09,0.125,3
0,0.37,0.275,0.085,0.2045,0.096,0.056,0.08,1
-1,0.515,0.395,0.165,0.7565,0.1905,0.17,0.3205,2
0,0.545,0.375,0.12,0.543,0.2375,0.1155,0.1725,1
-1,0.595,0.47,0.155,1.1775,0.542,0.269,0.31,2
-1,0.49,0.355,0.16,0.8795,0.3485,0.215,0.2825,1
-1,0.585,0.435,0.175,0.982,0.4055,0.2495,0.27,2
0,0.485,0.365,0.105,0.5205,0.195,0.123,0.182,1
-1,0.56,0.445,0.195,0.981,0.305,0.2245,0.335,3
-1,0.545,0.415,0.2,1.358,0.567,0.318,0.403,2
0,0.525,0.405,0.125,0.657,0.2985,0.1505,0.168,2
-1,0.605,0.455,0.145,0.9775,0.468,0.1775,0.275,2
0,0.5,0.39,0.125,0.583,0.294,0.132,0.1605,1
1,0.49,0.355,0.155,0.981,0.465,0.2015,0.2505,1
1,0.58,0.46,0.18,1.145,0.48,0.277,0.325,3
-1,0.725,0.575,0.175,2.124,0.765,0.4515,0.85,3
-1,0.665,0.505,0.16,1.2915,0.631,0.2925,0.32,3
-1,0.55,0.43,0.14,0.7135,0.2565,0.186,0.225,2
0,0.385,0.29,0.1,0.2575,0.1,0.061,0.086,1
-1,0.385,0.315,0.11,0.286,0.1225,0.0635,0.0835,2
1,0.59,0.475,0.16,0.9455,0.3815,0.184,0.27,3
-1,0.435,0.32,0.12,0.3785,0.152,0.0915,0.125,3
-1,0.605,0.45,0.165,1.2225,0.357,0.202,0.385,3
0,0.43,0.325,0.11,0.3675,0.1355,0.0935,0.12,3
-1,0.56,0.465,0.16,1.0315,0.432,0.2025,0.337,2
1,0.485,0.385,0.105,0.556,0.296,0.104,0.133,1
1,0.505,0.44,0.14,0.8275,0.3415,0.1855,0.239,1
1,0.575,0.44,0.185,1.025,0.5075,0.2245,0.2485,2
1,0.55,0.425,0.155,0.9175,0.2775,0.243,0.335,3
1,0.565,0.465,0.15,1.1285,0.377,0.3525,0.33,3
0,0.555,0.43,0.125,0.7005,0.3395,0.1355,0.2095,1
1,0.515,0.37,0.115,0.6145,0.3415,0.155,0.146,2
1,0.615,0.475,0.155,1.0735,0.4375,0.2585,0.31,3
0,0.415,0.325,0.1,0.313,0.139,0.0625,0.0965,1
-1,0.35,0.265,0.09,0.1855,0.0745,0.0415,0.06,1
0,0.47,0.375,0.12,0.487,0.196,0.099,0.135,1
0,0.435,0.325,0.1,0.366,0.174,0.0725,0.109,1
-1,0.6,0.47,0.135,0.97,0.4655,0.1955,0.264,3
-1,0.455,0.35,0.14,0.5725,0.1965,0.1325,0.175,2
0,0.335,0.24,0.095,0.17,0.062,0.039,0.055,2
-1,0.55,0.465,0.15,1.082,0.3575,0.194,0.19,3
1,0.57,0.44,0.155,1.116,0.4775,0.2315,0.27,3
-1,0.645,0.525,0.17,1.37,0.6135,0.283,0.34,2
-1,0.58,0.435,0.155,0.8785,0.425,0.1685,0.2425,2
0,0.585,0.47,0.17,0.985,0.3695,0.2395,0.315,2
1,0.5,0.375,0.13,0.721,0.3055,0.1725,0.22,3
-1,0.605,0.455,0.145,0.862,0.334,0.1985,0.3,2
1,0.6,0.475,0.205,1.176,0.5255,0.2875,0.308,2
-1,0.67,0.55,0.155,1.566,0.858,0.339,0.354,2
1,0.49,0.39,0.14,0.707,0.2795,0.2185,0.18,3
0,0.435,0.34,0.11,0.407,0.1685,0.073,0.13,2
-1,0.655,0.51,0.15,1.043,0.4795,0.223,0.305,2
0,0.58,0.445,0.15,0.8865,0.383,0.209,0.255,3
1,0.44,0.335,0.11,0.394,0.157,0.096,0.122,2
0,0.295,0.22,0.07,0.126,0.0515,0.0275,0.035,1
-1,0.535,0.4,0.15,1.224,0.618,0.275,0.2875,2
-1,0.62,0.48,0.165,1.043,0.4835,0.221,0.31,2
0,0.55,0.425,0.135,0.656,0.257,0.17,0.203,2
0,0.56,0.425,0.145,0.688,0.3095,0.1305,0.2165,2
1,0.46,0.34,0.135,0.495,0.1655,0.117,0.185,2
0,0.185,0.13,0.045,0.029,0.012,0.0075,0.0095,1
0,0.34,0.265,0.07,0.185,0.0625,0.0395,0.07,1
1,0.63,0.485,0.175,1.3,0.4335,0.2945,0.46,3
1,0.61,0.475,0.155,0.983,0.4565,0.228,0.266,2
-1,0.59,0.455,0.145,1.063,0.5155,0.2445,0.25,1
1,0.41,0.325,0.1,0.3555,0.146,0.072,0.105,2
0,0.405,0.3,0.09,0.269,0.103,0.067,0.11,1
1,0.345,0.265,0.09,0.163,0.0615,0.037,0.0485,2
0,0.435,0.34,0.115,0.3925,0.1825,0.078,0.1145,1
-1,0.43,0.35,0.09,0.397,0.1575,0.089,0.12,2
0,0.525,0.43,0.15,0.7365,0.3225,0.161,0.215,3
1,0.625,0.48,0.145,1.085,0.4645,0.2445,0.327,2
0,0.565,0.43,0.135,0.8545,0.321,0.1775,0.275,3
-1,0.63,0.48,0.16,1.199,0.5265,0.335,0.315,3
-1,0.545,0.44,0.135,0.9185,0.429,0.2015,0.2375,2
1,0.47,0.38,0.145,0.5865,0.2385,0.144,0.185,1
0,0.375,0.275,0.09,0.218,0.093,0.0405,0.0755,1
-1,0.57,0.435,0.14,0.8585,0.3905,0.196,0.2295,1
1,0.505,0.39,0.12,0.653,0.3315,0.1385,0.167,2
-1,0.64,0.505,0.165,1.2235,0.5215,0.2695,0.36,2
0,0.385,0.3,0.09,0.308,0.1525,0.056,0.0835,1
1,0.635,0.525,0.16,1.195,0.5435,0.246,0.335,3
-1,0.55,0.44,0.15,0.8945,0.3145,0.151,0.32,3
1,0.605,0.475,0.18,0.9365,0.394,0.219,0.295,3
-1,0.68,0.57,0.205,1.842,0.625,0.408,0.65,3
0,0.35,0.28,0.075,0.196,0.082,0.04,0.064,1
0,0.365,0.27,0.085,0.1875,0.081,0.042,0.058,1
-1,0.53,0.425,0.13,0.7585,0.325,0.197,0.205,1
1,0.475,0.37,0.125,0.649,0.347,0.136,0.142,1
0,0.46,0.365,0.115,0.511,0.2365,0.118,0.123,1
-1,0.575,0.46,0.145,0.9945,0.466,0.229,0.265,1
-1,0.59,0.445,0.13,1.1325,0.3825,0.234,0.32,3
1,0.56,0.425,0.135,0.9415,0.509,0.2015,0.1975,2
1,0.7,0.565,0.175,1.8565,0.8445,0.3935,0.54,2
-1,0.63,0.48,0.175,1.3675,0.5015,0.3035,0.515,3
0,0.435,0.325,0.105,0.335,0.136,0.065,0.115,1
0,0.475,0.34,0.105,0.4535,0.203,0.08,0.1465,2
-1,0.455,0.37,0.105,0.4925,0.216,0.1245,0.135,2
0,0.41,0.305,0.1,0.2645,0.1,0.0655,0.085,1
1,0.625,0.505,0.215,1.4455,0.496,0.287,0.435,3
0,0.445,0.325,0.1,0.378,0.1795,0.1,0.089,1
1,0.52,0.45,0.15,0.895,0.3615,0.186,0.235,3
1,0.465,0.36,0.105,0.488,0.188,0.0845,0.19,2
0,0.42,0.32,0.11,0.309,0.115,0.0645,0.0945,1
-1,0.61,0.495,0.185,1.1085,0.3705,0.3135,0.33,3
1,0.385,0.295,0.095,0.335,0.147,0.094,0.09,1
0,0.545,0.43,0.14,0.687,0.2615,0.1405,0.25,2
1,0.345,0.255,0.08,0.169,0.06,0.0425,0.054,2
0,0.385,0.285,0.09,0.248,0.0935,0.066,0.07,1
-1,0.635,0.505,0.165,1.251,0.577,0.227,0.3825,3
1,0.545,0.44,0.14,0.8395,0.356,0.1905,0.2385,3
1,0.66,0.515,0.195,1.5655,0.7345,0.353,0.386,2
0,0.47,0.345,0.115,0.4885,0.2005,0.108,0.166,3
-1,0.305,0.225,0.07,0.1485,0.0585,0.0335,0.045,1
-1,0.38,0.32,0.115,0.6475,0.323,0.1325,0.164,1
-1,0.45,0.36,0.105,0.4715,0.2035,0.0935,0.149,2
-1,0.7,0.575,0.17,1.31,0.5095,0.314,0.42,3
0,0.3,0.22,0.065,0.1195,0.052,0.0155,0.035,1
0,0.47,0.385,0.13,0.587,0.264,0.117,0.174,1
1,0.665,0.525,0.155,1.3575,0.5325,0.3045,0.4485,2
1,0.64,0.485,0.16,1.006,0.456,0.2245,0.2835,2
0,0.215,0.165,0.055,0.059,0.0265,0.0125,0.0185,1
-1,0.665,0.525,0.18,1.5785,0.678,0.229,0.456,3
0,0.405,0.305,0.09,0.2825,0.114,0.0575,0.095,1
1,0.565,0.45,0.115,0.9085,0.398,0.197,0.29,3
0,0.44,0.345,0.13,0.4495,0.209,0.0835,0.134,1
0,0.195,0.15,0.045,0.0375,0.018,0.006,0.011,1
0,0.37,0.28,0.085,0.198,0.0805,0.0455,0.058,1
1,0.275,0.2,0.08,0.099,0.037,0.024,0.03,1
0,0.52,0.415,0.14,0.6385,0.2945,0.1405,0.171,1
-1,0.68,0.505,0.17,1.3435,0.657,0.297,0.355,3
-1,0.57,0.45,0.15,0.9645,0.531,0.189,0.209,2
1,0.675,0.505,0.16,1.532,0.74,0.357,0.3815,3
1,0.475,0.36,0.14,0.5135,0.241,0.1045,0.155,1
0,0.305,0.22,0.07,0.141,0.062,0.031,0.037,1
-1,0.55,0.415,0.135,0.8145,0.427,0.1855,0.175,1
-1,0.745,0.57,0.215,2.25,1.1565,0.446,0.558,2
0,0.475,0.365,0.1,0.1315,0.2025,0.0875,0.123,1
-1,0.595,0.47,0.165,1.0155,0.491,0.1905,0.289,2
0,0.545,0.43,0.13,0.7595,0.358,0.153,0.2055,1
1,0.59,0.465,0.14,1.046,0.4695,0.263,0.263,1
1,0.555,0.425,0.15,0.873,0.4625,0.1845,0.1965,2
-1,0.665,0.5,0.175,1.742,0.595,0.3025,0.725,3
1,0.64,0.505,0.155,1.4025,0.705,0.2655,0.335,2
0,0.33,0.205,0.095,0.1595,0.077,0.032,0.0435,1
-1,0.66,0.565,0.195,1.7605,0.692,0.3265,0.5,3
0,0.545,0.405,0.135,0.5945,0.27,0.1185,0.185,1
0,0.245,0.18,0.065,0.071,0.03,0.013,0.0215,1
-1,0.665,0.515,0.18,1.389,0.5945,0.324,0.395,2
-1,0.695,0.525,0.205,1.8185,0.819,0.4025,0.4525,3
0,0.54,0.395,0.135,0.6555,0.2705,0.155,0.192,2
-1,0.6,0.485,0.165,1.1405,0.587,0.2175,0.288,2
1,0.635,0.485,0.18,1.1795,0.4785,0.2775,0.355,2
1,0.61,0.48,0.15,1.2,0.56,0.2455,0.28,3
1,0.155,0.11,0.04,0.0155,0.0065,0.003,0.005,1
1,0.615,0.48,0.175,1.118,0.446,0.3195,0.3,2
-1,0.435,0.325,0.115,0.3915,0.154,0.094,0.12,1
-1,0.65,0.5,0.19,1.464,0.6415,0.339,0.4245,2
0,0.56,0.43,0.13,0.728,0.3355,0.1435,0.2175,1
0,0.355,0.26,0.09,0.1925,0.077,0.038,0.065,1
0,0.46,0.34,0.09,0.384,0.1795,0.068,0.11,1
0,0.21,0.15,0.055,0.0465,0.017,0.012,0.015,1
-1,0.545,0.42,0.175,0.754,0.256,0.1775,0.275,2
0,0.335,0.25,0.08,0.167,0.0675,0.0325,0.0575,1
0,0.295,0.22,0.085,0.1285,0.0585,0.027,0.0365,1
0,0.38,0.285,0.095,0.243,0.0895,0.0665,0.075,1
1,0.5,0.39,0.135,0.7815,0.361,0.1575,0.2385,2
1,0.47,0.37,0.12,0.5795,0.293,0.227,0.14,2
0,0.525,0.385,0.13,0.607,0.2355,0.125,0.195,1
1,0.6,0.48,0.165,0.9165,0.4135,0.1965,0.2725,2
0,0.33,0.245,0.065,0.1445,0.058,0.032,0.0505,1
0,0.45,0.345,0.11,0.47,0.2355,0.0855,0.1135,1
1,0.45,0.355,0.115,0.478,0.18,0.1185,0.155,2
1,0.505,0.405,0.14,0.875,0.2665,0.174,0.285,3
1,0.74,0.58,0.205,2.381,0.8155,0.4695,0.488,3
0,0.425,0.325,0.11,0.317,0.135,0.048,0.09,1
0,0.535,0.4,0.145,0.705,0.3065,0.1365,0.22,2
0,0.585,0.45,0.135,0.855,0.3795,0.187,0.26,2
1,0.355,0.28,0.095,0.2455,0.0955,0.062,0.075,3
-1,0.405,0.325,0.11,0.3555,0.151,0.063,0.117,2
1,0.67,0.55,0.17,1.247,0.472,0.2455,0.4,3
1,0.58,0.455,0.15,1.012,0.4985,0.2115,0.2835,2
1,0.665,0.525,0.175,1.443,0.6635,0.3845,0.353,3
1,0.625,0.5,0.17,1.0985,0.4645,0.22,0.354,2
-1,0.66,0.525,0.19,1.67,0.6525,0.4875,0.49,3
0,0.33,0.225,0.075,0.187,0.0945,0.0395,0.0425,1
-1,0.655,0.5,0.205,1.528,0.6215,0.3725,0.4535,3
0,0.14,0.105,0.035,0.0145,0.005,0.0035,0.005,1
-1,0.49,0.37,0.105,0.5265,0.249,0.1005,0.148,1
0,0.36,0.275,0.095,0.217,0.084,0.0435,0.09,1
-1,0.565,0.45,0.175,1.0095,0.447,0.2375,0.2645,2
1,0.605,0.475,0.175,1.201,0.5395,0.275,0.309,2
-1,0.585,0.42,0.155,1.034,0.437,0.2225,0.32,3
1,0.61,0.485,0.17,1.0225,0.419,0.2405,0.36,3
1,0.515,0.455,0.135,0.7225,0.295,0.1625,0.235,2
-1,0.53,0.405,0.13,0.6355,0.2635,0.1565,0.185,2
1,0.525,0.4,0.13,0.8295,0.2405,0.1825,0.275,3
1,0.65,0.495,0.16,1.2075,0.55,0.2695,0.32,2
1,0.72,0.58,0.19,2.0885,0.9955,0.478,0.5305,3
-1,0.44,0.345,0.105,0.4285,0.165,0.083,0.132,3
-1,0.59,0.465,0.15,1.151,0.613,0.239,0.2515,2
1,0.35,0.275,0.11,0.2925,0.1225,0.0635,0.0905,1
1,0.59,0.485,0.155,1.0785,0.4535,0.2435,0.31,2
1,0.615,0.505,0.165,1.34,0.5315,0.2815,0.41,3
-1,0.66,0.475,0.18,1.3695,0.641,0.294,0.335,1
-1,0.505,0.4,0.165,0.729,0.2675,0.155,0.25,2
1,0.62,0.485,0.145,1.003,0.4655,0.2195,0.28,3
-1,0.44,0.34,0.14,0.482,0.186,0.1085,0.16,2
0,0.525,0.405,0.145,0.6965,0.3045,0.1535,0.21,1
1,0.54,0.455,0.14,0.972,0.419,0.255,0.269,2
1,0.175,0.125,0.04,0.024,0.0095,0.006,0.005,1
0,0.415,0.31,0.095,0.34,0.181,0.057,0.083,1
0,0.255,0.185,0.07,0.075,0.028,0.018,0.025,1
-1,0.485,0.4,0.155,0.731,0.236,0.183,0.255,3
1,0.58,0.455,0.15,1.114,0.4765,0.2155,0.265,1
0,0.34,0.26,0.08,0.2,0.08,0.0555,0.055,1
-1,0.51,0.4,0.125,0.545,0.261,0.115,0.1385,1
-1,0.5,0.385,0.105,0.498,0.1795,0.1095,0.17,3
-1,0.62,0.435,0.155,1.012,0.477,0.236,0.275,1
-1,0.46,0.33,0.15,0.5325,0.2085,0.1805,0.125,2
-1,0.5,0.38,0.155,0.655,0.2405,0.143,0.205,3
0,0.595,0.46,0.15,0.8335,0.377,0.1925,0.235,1
1,0.625,0.5,0.14,1.096,0.5445,0.2165,0.295,2
0,0.58,0.44,0.145,0.7905,0.3525,0.1645,0.242,2
0,0.24,0.185,0.06,0.0655,0.0295,0.0005,0.02,1
0,0.385,0.28,0.09,0.228,0.1025,0.042,0.0655,1
-1,0.45,0.35,0.145,0.5425,0.1765,0.123,0.175,3
0,0.52,0.395,0.135,0.633,0.2985,0.1295,0.175,2
1,0.48,0.38,0.13,0.6175,0.3,0.142,0.175,3
1,0.445,0.345,0.09,0.3795,0.143,0.074,0.125,2
1,0.48,0.37,0.1,0.5135,0.243,0.1015,0.135,1
0,0.43,0.34,0.11,0.3645,0.159,0.0855,0.105,1
0,0.42,0.305,0.09,0.328,0.168,0.0615,0.082,1
1,0.465,0.36,0.115,0.5795,0.295,0.1395,0.12,1
1,0.66,0.5,0.165,1.3195,0.667,0.269,0.341,2
0,0.44,0.34,0.1,0.407,0.209,0.0735,0.103,1
0,0.52,0.4,0.145,0.66,0.267,0.1055,0.22,3
-1,0.585,0.47,0.17,1.099,0.3975,0.2325,0.358,3
-1,0.55,0.465,0.18,1.2125,0.3245,0.205,0.525,3
0,0.48,0.37,0.12,0.514,0.2075,0.131,0.155,3
-1,0.415,0.325,0.105,0.38,0.1595,0.0785,0.12,3
-1,0.635,0.5,0.19,1.29,0.593,0.3045,0.352,1
1,0.695,0.57,0.23,1.885,0.8665,0.435,0.5,3
-1,0.54,0.42,0.14,0.8035,0.38,0.1805,0.21,2
0,0.43,0.315,0.115,0.384,0.1885,0.0715,0.11,1
1,0.52,0.435,0.195,0.973,0.2985,0.2135,0.355,3
0,0.435,0.325,0.12,0.346,0.159,0.084,0.095,1
0,0.44,0.34,0.105,0.344,0.123,0.081,0.125,1
0,0.415,0.33,0.09,0.3595,0.17,0.081,0.09,1
1,0.5,0.415,0.165,0.6885,0.249,0.138,0.25,3
1,0.63,0.485,0.145,1.062,0.5065,0.1785,0.3365,3
-1,0.48,0.38,0.145,0.59,0.232,0.141,0.23,3
-1,0.52,0.425,0.145,0.7,0.207,0.1905,0.24,3
0,0.42,0.31,0.095,0.279,0.1255,0.051,0.088,1
1,0.465,0.36,0.11,0.4955,0.2665,0.085,0.121,1
0,0.665,0.5,0.17,1.2975,0.6035,0.291,0.3595,2
-1,0.62,0.475,0.175,1.0165,0.4355,0.214,0.325,2
0,0.165,0.115,0.015,0.0145,0.0055,0.003,0.005,1
0,0.4,0.29,0.1,0.2675,0.1205,0.0605,0.0765,1
0,0.345,0.27,0.11,0.2135,0.082,0.0545,0.07,1
-1,0.535,0.45,0.135,0.8075,0.322,0.181,0.25,3
1,0.42,0.335,0.115,0.369,0.171,0.071,0.12,1
1,0.5,0.4,0.13,0.7715,0.37,0.16,0.211,1
-1,0.625,0.47,0.17,1.255,0.525,0.2415,0.405,2
-1,0.33,0.26,0.08,0.2,0.0625,0.05,0.07,2
-1,0.51,0.395,0.12,0.6175,0.262,0.122,0.193,3
-1,0.6,0.485,0.145,0.776,0.3545,0.1585,0.239,2
0,0.225,0.17,0.05,0.0515,0.019,0.012,0.017,1
0,0.375,0.26,0.08,0.2075,0.09,0.0415,0.07,1
1,0.64,0.505,0.18,1.297,0.59,0.3125,0.363,3
1,0.575,0.475,0.16,1.114,0.4955,0.2745,0.29,2
-1,0.635,0.505,0.17,1.415,0.605,0.297,0.365,3
1,0.58,0.45,0.145,1.0025,0.547,0.1975,0.2295,1
-1,0.625,0.485,0.175,1.3745,0.7335,0.2715,0.332,2
-1,0.4,0.325,0.12,0.3185,0.134,0.0565,0.095,1
1,0.745,0.565,0.215,1.931,0.896,0.4585,0.5,3
0,0.205,0.15,0.065,0.04,0.02,0.011,0.013,1
-1,0.645,0.48,0.17,1.1345,0.528,0.254,0.305,2
0,0.58,0.445,0.17,1.178,0.3935,0.2165,0.315,3
1,0.655,0.515,0.16,1.31,0.553,0.369,0.345,3
1,0.165,0.125,0.04,0.0245,0.0095,0.0045,0.008,1
-1,0.5,0.4,0.125,0.6675,0.261,0.1315,0.22,2
1,0.56,0.445,0.16,0.8965,0.42,0.2175,0.2215,1
-1,0.57,0.465,0.16,0.8935,0.3145,0.2575,0.263,2
0,0.29,0.21,0.065,0.097,0.0375,0.022,0.03,1
1,0.525,0.4,0.155,0.707,0.282,0.1605,0.225,2
0,0.3,0.23,0.095,0.1385,0.056,0.0365,0.037,1
1,0.71,0.555,0.195,1.9485,0.9455,0.3765,0.495,3
1,0.55,0.435,0.11,0.806,0.3415,0.203,0.215,2
0,0.37,0.285,0.095,0.226,0.1135,0.0515,0.0675,1
1,0.63,0.48,0.15,1.271,0.6605,0.2425,0.31,3
-1,0.41,0.315,0.11,0.321,0.1255,0.0655,0.095,2
-1,0.555,0.44,0.14,0.846,0.346,0.1715,0.2735,2
0,0.435,0.345,0.12,0.4475,0.221,0.112,0.125,1
0,0.575,0.435,0.13,0.805,0.3155,0.2155,0.245,2
0,0.39,0.315,0.09,0.3095,0.147,0.05,0.09,1
-1,0.63,0.505,0.195,1.306,0.516,0.3305,0.375,2
-1,0.6,0.465,0.155,1.04,0.4755,0.25,0.28,3
-1,0.69,0.55,0.2,1.569,0.687,0.3675,0.46,3
1,0.595,0.435,0.16,1.057,0.4255,0.224,0.31,2
0,0.185,0.375,0.12,0.4645,0.196,0.1045,0.15,1
1,0.605,0.475,0.155,1.161,0.572,0.2455,0.275,2
-1,0.745,0.585,0.19,1.966,0.8435,0.437,0.5855,3
-1,0.675,0.57,0.225,1.587,0.739,0.2995,0.435,2
-1,0.495,0.385,0.13,0.6905,0.3125,0.179,0.175,2
0,0.405,0.31,0.09,0.312,0.138,0.06,0.087,1
1,0.555,0.445,0.13,0.8625,0.4225,0.155,0.24,2
-1,0.565,0.445,0.155,0.826,0.341,0.2055,0.2475,2
1,0.625,0.48,0.18,1.223,0.565,0.2975,0.3375,2
1,0.585,0.47,0.165,1.409,0.8,0.229,0.295,2
-1,0.575,0.48,0.15,0.897,0.4235,0.1905,0.248,1
-1,0.7,0.55,0.17,1.684,0.7535,0.3265,0.32,3
0,0.36,0.275,0.075,0.2205,0.0985,0.044,0.066,1
0,0.44,0.33,0.11,0.38,0.197,0.079,0.09,1
1,0.52,0.395,0.125,0.5815,0.2565,0.1265,0.17,2
1,0.345,0.27,0.095,0.197,0.0665,0.05,0.07,2
1,0.605,0.475,0.175,1.2525,0.5575,0.3055,0.343,2
1,0.63,0.515,0.155,1.259,0.4105,0.197,0.41,3
0,0.3,0.225,0.075,0.1345,0.057,0.028,0.044,1
1,0.625,0.49,0.165,1.1835,0.517,0.2375,0.39,3
1,0.56,0.44,0.16,1.1115,0.5035,0.2785,0.26,2
1,0.515,0.405,0.145,0.695,0.215,0.1635,0.234,3
-1,0.595,0.475,0.17,1.247,0.48,0.225,0.425,3
0,0.29,0.21,0.06,0.1195,0.056,0.0235,0.03,1
0,0.575,0.45,0.15,0.858,0.449,0.166,0.215,2
-1,0.705,0.535,0.18,1.685,0.693,0.42,0.4045,3
-1,0.51,0.4,0.13,0.5735,0.219,0.1365,0.195,3
-1,0.535,0.42,0.15,0.7365,0.2785,0.186,0.215,3
-1,0.64,0.485,0.185,1.4195,0.6735,0.3465,0.3255,3
-1,0.52,0.41,0.115,0.807,0.2855,0.179,0.235,3
1,0.59,0.485,0.12,0.911,0.39,0.182,0.29,3
0,0.42,0.31,0.1,0.2805,0.1125,0.0615,0.0925,1
0,0.44,0.325,0.1,0.4165,0.185,0.0865,0.11,1
-1,0.66,0.495,0.21,1.548,0.724,0.3525,0.3925,2
0,0.555,0.435,0.14,0.765,0.3945,0.15,0.206,1
0,0.405,0.305,0.1,0.271,0.0965,0.061,0.091,1
0,0.235,0.16,0.04,0.048,0.0185,0.018,0.015,1
1,0.46,0.36,0.125,0.547,0.2165,0.1105,0.19,1
-1,0.645,0.52,0.19,1.3105,0.58,0.288,0.37,3
1,0.63,0.495,0.175,1.2695,0.605,0.271,0.328,3
-1,0.72,0.565,0.18,1.719,0.8465,0.407,0.3875,3
1,0.67,0.51,0.2,1.5945,0.6705,0.3845,0.4505,2
-1,0.375,0.29,0.08,0.282,0.1405,0.0725,0.08,1
-1,0.59,0.45,0.16,0.9,0.358,0.156,0.315,3
0,0.455,0.33,0.1,0.372,0.358,0.0775,0.11,1
-1,0.47,0.365,0.12,0.582,0.29,0.092,0.146,1
1,0.685,0.51,0.18,1.4545,0.6315,0.3105,0.3725,2
1,0.575,0.4,0.155,0.9325,0.3605,0.2445,0.3,3
0,0.59,0.46,0.125,0.755,0.334,0.15,0.238,2
0,0.585,0.45,0.15,0.8915,0.3975,0.2035,0.253,1
-1,0.66,0.535,0.205,1.4415,0.5925,0.2775,0.49,2
1,0.625,0.47,0.18,1.136,0.451,0.3245,0.305,3
0,0.535,0.42,0.145,0.926,0.398,0.1965,0.25,3
1,0.52,0.425,0.125,0.79,0.372,0.205,0.19,1
0,0.465,0.345,0.105,0.4015,0.242,0.0345,0.109,1
-1,0.64,0.5,0.18,1.4995,0.593,0.314,0.431,3
-1,0.58,0.45,0.15,0.92,0.393,0.212,0.2895,2
1,0.57,0.43,0.12,1.0615,0.348,0.167,0.31,3
-1,0.655,0.515,0.2,1.494,0.7255,0.309,0.405,3
0,0.465,0.36,0.105,0.452,0.22,0.159,0.1035,2
0,0.45,0.35,0.13,0.547,0.245,0.1405,0.1405,1
0,0.575,0.45,0.145,0.795,0.364,0.1505,0.26,2
1,0.6,0.475,0.15,1.089,0.5195,0.223,0.292,3
0,0.255,0.185,0.06,0.0925,0.039,0.021,0.025,1
-1,0.645,0.5,0.15,1.159,0.4675,0.3355,0.31,2
1,0.5,0.385,0.135,0.551,0.2245,0.0715,0.206,3
0,0.41,0.31,0.09,0.339,0.155,0.0695,0.09,1
0,0.405,0.29,0.09,0.2825,0.112,0.075,0.0815,1
1,0.635,0.48,0.145,1.181,0.665,0.229,0.225,2
1,0.235,0.16,0.06,0.0545,0.0265,0.0095,0.015,1
-1,0.54,0.385,0.14,0.7655,0.3265,0.116,0.2365,2
0,0.415,0.315,0.105,0.33,0.1405,0.0705,0.095,1
1,0.69,0.515,0.18,1.8445,0.9815,0.4655,0.341,3
-1,0.495,0.41,0.125,0.7555,0.3355,0.129,0.214,2
1,0.57,0.45,0.14,0.795,0.3385,0.148,0.245,2
0,0.455,0.345,0.11,0.434,0.207,0.0855,0.1215,1
-1,0.615,0.47,0.155,1.084,0.5885,0.209,0.246,2
-1,0.625,0.515,0.16,1.264,0.5715,0.326,0.321,2
-1,0.51,0.39,0.135,0.6335,0.231,0.179,0.2,2
0,0.54,0.405,0.15,0.7585,0.307,0.2075,0.19,2
1,0.575,0.44,0.16,0.9615,0.483,0.166,0.275,3
1,0.695,0.545,0.185,1.5715,0.6645,0.3835,0.4505,3
-1,0.555,0.42,0.14,0.868,0.33,0.243,0.21,3
1,0.57,0.415,0.13,0.88,0.4275,0.1955,0.238,3
1,0.535,0.41,0.135,0.862,0.2855,0.1525,0.32,3
0,0.48,0.36,0.125,0.542,0.2795,0.1025,0.147,1
0,0.55,0.415,0.15,0.7915,0.3535,0.176,0.236,2
1,0.655,0.53,0.175,1.2635,0.486,0.2635,0.415,3
0,0.42,0.33,0.1,0.352,0.1635,0.089,0.1,2
0,0.46,0.36,0.1,0.4635,0.2325,0.093,0.115,1
0,0.535,0.41,0.13,0.6075,0.268,0.1225,0.1975,2
0,0.43,0.34,0.125,0.384,0.1375,0.061,0.146,3
1,0.62,0.48,0.155,1.2555,0.527,0.374,0.3175,3
0,0.32,0.24,0.09,0.1575,0.07,0.0265,0.0425,1
1,0.575,0.455,0.135,0.907,0.4245,0.197,0.26,2
0,0.555,0.43,0.155,0.7395,0.3135,0.1435,0.28,2
0,0.49,0.4,0.135,0.624,0.3035,0.1285,0.169,1
0,0.515,0.4,0.135,0.636,0.3055,0.1215,0.1855,2
-1,0.59,0.475,0.155,0.9715,0.371,0.235,0.28,3
-1,0.635,0.5,0.18,1.2565,0.539,0.292,0.35,2
1,0.66,0.515,0.2,1.6465,0.749,0.422,0.401,3
1,0.51,0.39,0.125,0.6565,0.262,0.1835,0.175,2
1,0.44,0.34,0.105,0.402,0.1305,0.0955,0.165,2
-1,0.635,0.495,0.18,1.596,0.617,0.317,0.37,3
1,0.56,0.42,0.195,0.8085,0.3025,0.1795,0.285,3
0,0.575,0.475,0.17,0.967,0.3775,0.284,0.275,3
1,0.725,0.57,0.19,2.3305,1.253,0.541,0.52,2
1,0.65,0.5,0.155,1.202,0.565,0.3135,0.294,3
0,0.44,0.345,0.1,0.366,0.122,0.0905,0.12,3
0,0.415,0.305,0.12,0.336,0.165,0.076,0.0805,1
0,0.355,0.28,0.11,0.2235,0.0815,0.0525,0.08,1
0,0.31,0.225,0.07,0.1055,0.435,0.015,0.04,1
1,0.18,0.125,0.05,0.023,0.0085,0.0055,0.01,1
-1,0.46,0.375,0.12,0.4915,0.2205,0.088,0.17,1
1,0.335,0.265,0.095,0.1975,0.0795,0.0375,0.07,2
0,0.285,0.21,0.07,0.109,0.044,0.0265,0.033,1
1,0.63,0.485,0.155,1.278,0.637,0.275,0.31,1
0,0.47,0.355,0.12,0.393,0.167,0.0885,0.115,1
1,0.59,0.5,0.15,1.142,0.485,0.265,0.345,2
-1,0.6,0.475,0.155,1.059,0.441,0.19,0.39,3
-1,0.595,0.435,0.15,0.9,0.4175,0.17,0.265,1
-1,0.575,0.45,0.1,0.9315,0.431,0.222,0.235,3
1,0.635,0.51,0.155,1.156,0.428,0.289,0.315,3
0,0.53,0.42,0.13,0.8365,0.3745,0.167,0.249,3
-1,0.57,0.465,0.155,0.872,0.3245,0.239,0.285,3
1,0.585,0.455,0.145,0.953,0.3945,0.2685,0.258,2
-1,0.695,0.55,0.155,1.8495,0.767,0.442,0.4175,2
1,0.665,0.54,0.175,1.347,0.4955,0.254,0.415,3
-1,0.615,0.5,0.165,1.327,0.6,0.3015,0.355,2
0,0.335,0.26,0.085,0.192,0.097,0.03,0.054,1
0,0.34,0.25,0.09,0.179,0.0775,0.033,0.055,1
1,0.415,0.3,0.1,0.3355,0.1545,0.0685,0.095,1
0,0.52,0.4,0.14,0.622,0.278,0.1455,0.169,1
0,0.295,0.21,0.08,0.1,0.038,0.026,0.031,1
0,0.5,0.37,0.115,0.5745,0.306,0.112,0.141,1
1,0.66,0.535,0.19,1.5905,0.6425,0.297,0.5175,2
1,0.615,0.505,0.19,1.403,0.6715,0.2925,0.365,1
-1,0.665,0.555,0.195,1.4385,0.581,0.354,0.36,3
-1,0.5,0.37,0.135,0.45,0.1715,0.1055,0.155,2
0,0.325,0.25,0.075,0.1585,0.075,0.0305,0.0455,1
1,0.615,0.495,0.2,1.219,0.564,0.227,0.3885,2
-1,0.58,0.46,0.175,1.165,0.65,0.2205,0.3055,2
-1,0.56,0.46,0.18,0.97,0.342,0.196,0.355,3
1,0.71,0.56,0.175,1.724,0.566,0.4575,0.4625,3
-1,0.6,0.46,0.145,0.9325,0.3985,0.2245,0.248,1
1,0.525,0.405,0.135,0.7575,0.3305,0.216,0.195,2
0,0.285,0.22,0.065,0.096,0.0405,0.0205,0.03,1
1,0.69,0.54,0.185,1.71,0.7725,0.3855,0.4325,1
0,0.435,0.335,0.11,0.383,0.1555,0.0675,0.135,3
1,0.545,0.44,0.165,0.744,0.2875,0.204,0.25,3
0,0.4,0.295,0.095,0.252,0.1105,0.0575,0.066,1
0,0.535,0.39,0.125,0.599,0.2595,0.149,0.169,2
1,0.615,0.47,0.165,1.128,0.4465,0.2195,0.34,2
1,0.4,0.315,0.105,0.287,0.1135,0.037,0.113,2
-1,0.595,0.44,0.135,0.964,0.5005,0.1715,0.2575,2
-1,0.635,0.51,0.175,1.2125,0.5735,0.261,0.36,3
1,0.42,0.34,0.115,0.4215,0.175,0.093,0.135,1
0,0.495,0.375,0.12,0.589,0.3075,0.1215,0.1405,1
0,0.435,0.33,0.095,0.393,0.219,0.075,0.0885,1
1,0.47,0.375,0.13,0.523,0.214,0.132,0.145,1
0,0.61,0.49,0.16,1.1545,0.5865,0.2385,0.2915,3
1,0.6,0.465,0.155,1.262,0.6245,0.2455,0.33,2
1,0.495,0.39,0.15,0.853,0.3285,0.189,0.27,3
-1,0.7,0.575,0.205,1.7975,0.7295,0.3935,0.5165,3
0,0.625,0.485,0.16,1.15,0.5255,0.257,0.3315,3
1,0.535,0.42,0.125,0.738,0.355,0.1895,0.1795,1
-1,0.47,0.355,0.1,0.4755,0.1675,0.0805,0.185,2
0,0.5,0.375,0.14,0.559,0.2375,0.135,0.169,2
-1,0.65,0.59,0.22,1.662,0.77,0.378,0.435,3
-1,0.41,0.305,0.1,0.363,0.1735,0.065,0.11,3
1,0.55,0.46,0.175,0.869,0.3155,0.1825,0.32,2
-1,0.73,0.555,0.18,1.6895,0.6555,0.1965,0.4935,2
0,0.35,0.25,0.07,0.1605,0.0715,0.0335,0.046,1
-1,0.565,0.4,0.13,0.6975,0.3075,0.1665,0.18,1
-1,0.625,0.515,0.18,1.3485,0.5255,0.252,0.3925,3
1,0.615,0.475,0.15,1.0375,0.476,0.2325,0.283,2
-1,0.52,0.41,0.17,0.8705,0.3735,0.219,0.25,3
1,0.545,0.45,0.15,0.8795,0.387,0.15,0.2625,3
1,0.6,0.45,0.145,0.877,0.4325,0.155,0.24,2
0,0.52,0.38,0.125,0.5545,0.288,0.1295,0.167,1
-1,0.615,0.515,0.135,1.1215,0.545,0.2305,0.29,2
0,0.25,0.19,0.06,0.0765,0.036,0.0115,0.0245,1
1,0.65,0.52,0.19,1.3445,0.519,0.306,0.4465,3
-1,0.725,0.56,0.185,1.792,0.873,0.367,0.435,3
0,0.635,0.48,0.2,1.3655,0.6255,0.2595,0.425,3
1,0.67,0.525,0.165,1.6085,0.682,0.3145,0.4005,3
1,0.31,0.225,0.075,0.1295,0.0455,0.0335,0.044,2
-1,0.525,0.415,0.15,0.7055,0.329,0.147,0.199,2
-1,0.62,0.485,0.155,1.1945,0.5105,0.271,0.352,2
1,0.59,0.47,0.155,1.1735,0.6245,0.233,0.2595,2
-1,0.625,0.49,0.145,0.92,0.437,0.1735,0.28,2
-1,0.53,0.41,0.145,0.8255,0.375,0.204,0.245,2
1,0.485,0.39,0.12,0.599,0.251,0.1345,0.169,1
1,0.66,0.545,0.185,1.32,0.5305,0.2635,0.455,3
1,0.265,0.2,0.065,0.084,0.034,0.0105,0.03,1
0,0.185,0.135,0.045,0.032,0.011,0.0065,0.01,1
1,0.615,0.48,0.185,1.2205,0.4985,0.315,0.33,2
0,0.575,0.425,0.135,0.7965,0.364,0.196,0.239,2
-1,0.55,0.415,0.135,0.7635,0.318,0.21,0.2,2
0,0.375,0.275,0.09,0.238,0.1075,0.0545,0.07,1
1,0.68,0.52,0.175,1.543,0.7525,0.351,0.374,3
0,0.5,0.385,0.15,0.6265,0.2605,0.1665,0.16,2
0,0.425,0.325,0.115,0.3685,0.162,0.0865,0.1045,1
1,0.67,0.54,0.195,1.217,0.532,0.2735,0.3315,3
1,0.545,0.425,0.135,0.8445,0.373,0.21,0.235,2
-1,0.68,0.52,0.185,1.494,0.615,0.3935,0.406,3
1,0.59,0.47,0.15,0.9955,0.481,0.232,0.24,1
-1,0.515,0.4,0.115,0.578,0.191,0.1445,0.17,2
-1,0.67,0.585,0.16,1.309,0.5445,0.2945,0.413,2
-1,0.345,0.26,0.09,0.207,0.0775,0.0435,0.0765,2
0,0.4,0.265,0.1,0.2775,0.1245,0.0605,0.08,2
1,0.63,0.525,0.195,1.3135,0.4935,0.2565,0.465,2
1,0.6,0.475,0.16,1.164,0.5045,0.2635,0.335,3
1,0.76,0.575,0.19,1.829,0.7035,0.386,0.56,3
1,0.49,0.39,0.135,0.592,0.242,0.096,0.1835,3
0,0.5,0.385,0.11,0.596,0.3015,0.104,0.151,1
-1,0.445,0.335,0.14,0.4565,0.1785,0.114,0.14,3
1,0.445,0.35,0.115,0.3615,0.1565,0.0695,0.117,1
1,0.55,0.44,0.155,0.9155,0.3645,0.195,0.25,1
0,0.365,0.275,0.135,0.24,0.108,0.0445,0.0735,1
-1,0.37,0.295,0.1,0.2685,0.1165,0.056,0.0835,1
0,0.565,0.43,0.15,0.8215,0.332,0.1685,0.29,3
0,0.345,0.265,0.1,0.2455,0.111,0.0535,0.065,1
0,0.56,0.44,0.17,0.9445,0.3545,0.2175,0.3,3
0,0.47,0.365,0.1,0.411,0.175,0.0855,0.135,1
0,0.42,0.3,0.105,0.316,0.1255,0.07,0.1035,1
-1,0.63,0.5,0.155,1.005,0.367,0.199,0.36,3
0,0.45,0.33,0.105,0.3715,0.1865,0.0785,0.0975,1
0,0.16,0.11,0.025,0.018,0.0065,0.0055,0.005,1
-1,0.515,0.435,0.17,0.631,0.2765,0.111,0.216,3
0,0.455,0.35,0.13,0.4725,0.215,0.0745,0.15,2
-1,0.685,0.54,0.16,1.6675,0.833,0.3775,0.475,3
0,0.65,0.52,0.15,1.238,0.5495,0.296,0.3305,2
0,0.435,0.335,0.095,0.298,0.109,0.058,0.115,1
0,0.43,0.34,0.105,0.4405,0.2385,0.0745,0.1075,1
1,0.62,0.45,0.2,0.858,0.4285,0.1525,0.2405,1
0,0.4,0.31,0.115,0.314,0.1545,0.0595,0.087,1
0,0.375,0.285,0.09,0.2545,0.119,0.0595,0.0675,1
0,0.435,0.33,0.125,0.406,0.1685,0.1055,0.096,3
-1,0.505,0.38,0.145,0.651,0.2935,0.19,0.17,3
0,0.47,0.375,0.105,0.468,0.1665,0.108,0.17,2
0,0.36,0.285,0.105,0.2415,0.0915,0.057,0.075,1
1,0.45,0.32,0.1,0.381,0.1705,0.075,0.115,2
0,0.47,0.37,0.12,0.4705,0.1845,0.1055,0.155,3
0,0.525,0.38,0.135,0.615,0.261,0.159,0.175,1
1,0.535,0.42,0.16,0.7465,0.348,0.1515,0.2185,2
1,0.585,0.46,0.165,1.1135,0.5825,0.2345,0.274,2
0,0.625,0.46,0.16,1.2395,0.55,0.273,0.38,3
1,0.58,0.44,0.175,1.2255,0.5405,0.2705,0.3265,2
-1,0.52,0.41,0.16,0.712,0.2845,0.153,0.225,2
-1,0.52,0.405,0.12,0.627,0.2645,0.1415,0.181,3
-1,0.43,0.34,0.11,0.382,0.154,0.0955,0.109,1
1,0.62,0.485,0.165,1.1325,0.5235,0.2505,0.2825,2
1,0.625,0.515,0.165,1.217,0.667,0.2065,0.3115,2
0,0.31,0.24,0.09,0.1455,0.0605,0.0315,0.045,1
1,0.5,0.4,0.165,0.825,0.254,0.205,0.285,3
-1,0.635,0.49,0.175,1.2435,0.5805,0.313,0.305,2
-1,0.615,0.495,0.16,1.255,0.5815,0.3195,0.3225,3
0,0.36,0.27,0.09,0.219,0.097,0.0405,0.065,1
-1,0.58,0.46,0.18,1.0515,0.4095,0.2595,0.276,1
0,0.465,0.345,0.11,0.393,0.1825,0.0735,0.12,1
-1,0.445,0.325,0.125,0.455,0.1785,0.1125,0.14,2
0,0.31,0.23,0.07,0.1245,0.0505,0.0265,0.038,1
1,0.575,0.45,0.135,0.9215,0.354,0.209,0.2365,2
1,0.595,0.475,0.17,1.0965,0.419,0.229,0.35,3
0,0.52,0.41,0.11,0.5185,0.2165,0.0915,0.184,1
0,0.54,0.39,0.125,0.6255,0.2525,0.158,0.19,1
-1,0.635,0.49,0.17,1.2615,0.5385,0.2665,0.38,2
1,0.665,0.525,0.16,1.363,0.629,0.279,0.34,1
-1,0.675,0.545,0.195,1.7345,0.6845,0.3695,0.605,3
0,0.475,0.365,0.12,0.5185,0.268,0.1095,0.1365,1
1,0.505,0.395,0.135,0.5915,0.288,0.1315,0.185,3
0,0.59,0.45,0.145,1.022,0.428,0.268,0.265,2
-1,0.59,0.44,0.14,1.007,0.4775,0.2105,0.2925,2
-1,0.655,0.51,0.155,1.2895,0.5345,0.2855,0.41,3
-1,0.7,0.525,0.19,1.6465,0.8545,0.307,0.3995,2
1,0.585,0.465,0.19,1.171,0.3905,0.2355,0.4,3
0,0.2,0.145,0.025,0.0345,0.011,0.0075,0.01,1
1,0.57,0.455,0.15,0.952,0.3895,0.2155,0.2745,2
0,0.315,0.23,0.07,0.1145,0.046,0.0235,0.0385,1
1,0.645,0.485,0.15,1.2215,0.5695,0.2735,0.33,2
1,0.545,0.42,0.12,0.7865,0.403,0.185,0.17,1
1,0.53,0.415,0.14,0.724,0.3105,0.1675,0.205,2
1,0.675,0.525,0.16,1.2835,0.572,0.2755,0.3545,3
1,0.56,0.425,0.135,0.849,0.3265,0.221,0.2645,2
1,0.5,0.39,0.145,0.651,0.273,0.132,0.22,3
1,0.69,0.55,0.18,1.6915,0.6655,0.402,0.5,3
-1,0.55,0.425,0.125,0.964,0.5475,0.159,0.215,1
-1,0.69,0.55,0.18,1.659,0.8715,0.2655,0.4395,2
1,0.67,0.505,0.16,1.2585,0.6255,0.311,0.308,3
1,0.575,0.45,0.155,0.886,0.3605,0.211,0.2575,2
1,0.52,0.39,0.12,0.6435,0.2885,0.157,0.161,1
1,0.615,0.45,0.15,1.198,0.707,0.2095,0.2505,1
1,0.49,0.385,0.125,0.649,0.32,0.124,0.1695,1
0,0.46,0.35,0.11,0.3945,0.1685,0.0865,0.125,2
-1,0.61,0.45,0.16,1.136,0.414,0.311,0.3,2
1,0.535,0.405,0.14,0.7315,0.336,0.156,0.19,1
0,0.315,0.235,0.07,0.149,0.058,0.0325,0.047,1
-1,0.71,0.545,0.175,1.907,0.8725,0.4565,0.475,3
1,0.275,0.205,0.07,0.094,0.0335,0.02,0.0325,1
0,0.495,0.355,0.12,0.4965,0.214,0.1045,0.1495,1
0,0.505,0.39,0.185,0.6125,0.267,0.142,0.172,1
-1,0.55,0.415,0.135,0.775,0.302,0.179,0.26,3
-1,0.56,0.42,0.18,1.6645,0.7755,0.35,0.4525,2
-1,0.66,0.525,0.16,1.277,0.4975,0.319,0.394,3
0,0.44,0.335,0.115,0.4215,0.173,0.0765,0.113,1
-1,0.565,0.46,0.15,0.8765,0.3455,0.1925,0.275,2
1,0.44,0.375,0.13,0.487,0.226,0.0965,0.155,2
0,0.3,0.22,0.065,0.1235,0.059,0.026,0.0315,1
1,0.57,0.46,0.15,1.0375,0.5415,0.2035,0.25,2
-1,0.66,0.53,0.185,1.346,0.546,0.2705,0.476,3
1,0.535,0.42,0.13,0.8055,0.301,0.181,0.28,3
0,0.53,0.395,0.125,0.6235,0.2975,0.108,0.195,3
1,0.625,0.5,0.195,1.369,0.5875,0.2185,0.37,3
0,0.495,0.37,0.125,0.4775,0.185,0.0705,0.169,3
1,0.555,0.455,0.16,1.0575,0.3925,0.228,0.293,3
-1,0.65,0.515,0.195,1.4005,0.5195,0.36,0.44,3
0,0.425,0.315,0.1,0.377,0.1645,0.072,0.105,1
-1,0.605,0.5,0.185,1.1185,0.469,0.2585,0.335,2
0,0.505,0.385,0.125,0.596,0.245,0.097,0.21,2
-1,0.68,0.515,0.175,1.6185,0.5125,0.409,0.62,3
0,0.2,0.155,0.04,0.0435,0.0155,0.009,0.007,1
1,0.505,0.385,0.145,0.6775,0.236,0.179,0.2,3
1,0.52,0.41,0.115,0.77,0.263,0.157,0.26,3
-1,0.58,0.475,0.135,0.925,0.391,0.165,0.275,3
1,0.595,0.47,0.165,1.108,0.4915,0.2325,0.3345,2
0,0.5,0.38,0.11,0.494,0.218,0.09,0.1325,1
-1,0.63,0.495,0.165,1.3075,0.599,0.284,0.315,3
0,0.32,0.255,0.1,0.1755,0.073,0.0415,0.065,1
-1,0.505,0.39,0.12,0.5725,0.2555,0.1325,0.146,1
-1,0.6,0.475,0.135,1.4405,0.5885,0.191,0.3175,2
0,0.225,0.165,0.055,0.059,0.027,0.0125,0.015,1
-1,0.625,0.485,0.175,1.362,0.6765,0.2615,0.3705,2
0,0.435,0.335,0.1,0.3245,0.135,0.0785,0.098,1
1,0.6,0.46,0.15,1.247,0.5335,0.2735,0.29,2
-1,0.56,0.455,0.125,0.943,0.344,0.129,0.375,3
-1,0.65,0.525,0.175,1.4225,0.61,0.2995,0.445,3
1,0.605,0.49,0.18,1.227,0.48,0.287,0.35,3
0,0.47,0.35,0.135,0.567,0.2315,0.1465,0.1525,3
1,0.61,0.47,0.16,1.022,0.449,0.2345,0.2945,2
1,0.505,0.385,0.15,0.6415,0.246,0.152,0.215,3
1,0.565,0.455,0.155,0.9355,0.421,0.183,0.26,3
-1,0.53,0.43,0.17,0.775,0.35,0.152,0.235,3
1,0.45,0.335,0.14,0.4625,0.164,0.076,0.15,3
1,0.7,0.55,0.175,1.4405,0.6565,0.2985,0.375,3
-1,0.655,0.51,0.16,1.092,0.396,0.2825,0.37,3
0,0.41,0.325,0.1,0.3245,0.132,0.072,0.106,1
-1,0.585,0.45,0.125,0.874,0.3545,0.2075,0.225,1
0,0.495,0.375,0.115,0.5755,0.31,0.1145,0.1395,1
0,0.42,0.325,0.1,0.368,0.1675,0.0625,0.1135,3
-1,0.62,0.48,0.23,1.0935,0.403,0.245,0.355,3
-1,0.51,0.4,0.14,0.8145,0.459,0.1965,0.195,2
-1,0.71,0.5,0.15,1.3165,0.6835,0.2815,0.28,2
1,0.72,0.55,0.205,2.165,1.1055,0.525,0.404,2
1,0.605,0.47,0.16,1.1735,0.4975,0.2405,0.345,3
-1,0.51,0.385,0.135,0.632,0.282,0.145,0.17,1
0,0.2,0.145,0.06,0.037,0.0125,0.0095,0.011,1
1,0.585,0.465,0.165,0.885,0.4025,0.1625,0.274,2
-1,0.52,0.425,0.15,0.813,0.385,0.2015,0.23,2
0,0.395,0.3,0.09,0.279,0.134,0.049,0.075,1
-1,0.625,0.52,0.18,1.354,0.4845,0.351,0.375,3
1,0.645,0.5,0.175,1.3375,0.554,0.308,0.415,2
-1,0.585,0.485,0.15,1.079,0.4145,0.2115,0.356,3
1,0.62,0.49,0.15,1.195,0.4605,0.302,0.355,2
1,0.645,0.53,0.195,1.39,0.6465,0.2945,0.3735,2
1,0.635,0.5,0.18,1.154,0.4405,0.2315,0.387,2
1,0.535,0.435,0.15,0.717,0.3475,0.1445,0.194,2
1,0.605,0.475,0.19,1.1255,0.59,0.247,0.26,2
1,0.285,0.215,0.075,0.106,0.0415,0.023,0.035,1
-1,0.56,0.43,0.15,0.8825,0.3465,0.172,0.31,2
0,0.45,0.335,0.095,0.3505,0.1615,0.0625,0.1185,1
0,0.37,0.275,0.1,0.22,0.094,0.045,0.065,1
0,0.56,0.445,0.165,0.832,0.3455,0.179,0.279,2
0,0.55,0.415,0.145,0.7815,0.373,0.16,0.2215,1
1,0.565,0.435,0.15,0.99,0.5795,0.1825,0.206,1
-1,0.505,0.39,0.115,0.66,0.3045,0.1555,0.175,1
1,0.71,0.555,0.175,2.14,1.2455,0.3725,0.434,3
1,0.585,0.46,0.185,0.922,0.3635,0.213,0.285,2
1,0.635,0.515,0.17,1.275,0.509,0.286,0.34,3
-1,0.64,0.515,0.165,1.3115,0.4945,0.2555,0.41,2
-1,0.595,0.465,0.145,0.7955,0.3425,0.1795,0.2425,2
1,0.58,0.49,0.13,1.1335,0.586,0.2565,0.237,2
1,0.68,0.53,0.205,1.496,0.5825,0.337,0.465,3
-1,0.67,0.54,0.165,1.5015,0.518,0.358,0.505,3
0,0.18,0.13,0.045,0.0275,0.0125,0.01,0.009,1
1,0.605,0.49,0.165,1.1245,0.492,0.222,0.3555,3
-1,0.645,0.51,0.155,1.129,0.5015,0.24,0.342,2
0,0.365,0.275,0.085,0.223,0.098,0.0375,0.075,1
1,0.7,0.545,0.215,1.9125,0.8825,0.4385,0.506,2
-1,0.505,0.38,0.135,0.6855,0.361,0.1565,0.161,2
1,0.7,0.55,0.2,1.523,0.693,0.306,0.4405,3
0,0.51,0.405,0.125,0.6795,0.3465,0.1395,0.182,1
-1,0.58,0.445,0.135,0.95,0.484,0.182,0.2325,1
-1,0.565,0.44,0.155,0.9395,0.4275,0.214,0.27,3
0,0.385,0.28,0.125,0.244,0.102,0.038,0.085,1
-1,0.525,0.41,0.15,0.708,0.274,0.151,0.25,3
0,0.495,0.385,0.125,0.585,0.2755,0.1235,0.165,1
-1,0.645,0.51,0.16,1.2415,0.5815,0.276,0.315,2
-1,0.69,0.56,0.215,1.719,0.68,0.299,0.47,3
0,0.38,0.275,0.095,0.2425,0.106,0.0485,0.21,1
-1,0.63,0.48,0.165,1.2615,0.5505,0.277,0.3885,2
-1,0.53,0.455,0.165,0.9805,0.3155,0.2815,0.2965,3
0,0.245,0.19,0.06,0.086,0.042,0.014,0.025,1
1,0.54,0.42,0.12,0.8115,0.392,0.1455,0.2235,2
0,0.47,0.355,0.125,0.499,0.21,0.0985,0.155,1
0,0.17,0.105,0.035,0.034,0.012,0.0085,0.005,1
0,0.2,0.145,0.05,0.036,0.0125,0.008,0.011,1
-1,0.555,0.44,0.145,0.8815,0.43,0.1975,0.2155,1
-1,0.61,0.475,0.16,1.1155,0.3835,0.223,0.379,2
0,0.565,0.44,0.175,0.8735,0.414,0.21,0.21,3
1,0.61,0.47,0.165,1.052,0.498,0.242,0.267,2
0,0.375,0.265,0.095,0.196,0.085,0.042,0.0585,1
-1,0.595,0.465,0.15,1.0255,0.412,0.2745,0.289,3
1,0.56,0.41,0.165,0.93,0.3505,0.237,0.3,3
0,0.575,0.45,0.17,0.9315,0.358,0.2145,0.26,3
1,0.32,0.245,0.075,0.1555,0.0585,0.038,0.049,3
1,0.525,0.41,0.13,0.99,0.3865,0.243,0.295,3
-1,0.585,0.455,0.13,0.8755,0.411,0.2065,0.225,1
0,0.41,0.305,0.095,0.2625,0.1,0.0515,0.09,1
0,0.55,0.425,0.13,0.664,0.2695,0.163,0.21,1
1,0.58,0.465,0.16,1.0345,0.315,0.26,0.3635,3
-1,0.45,0.325,0.135,0.438,0.1805,0.1165,0.11,2
1,0.63,0.515,0.16,1.016,0.4215,0.244,0.355,3
1,0.695,0.56,0.19,1.494,0.588,0.3425,0.485,3
0,0.225,0.16,0.045,0.0465,0.025,0.015,0.015,1
-1,0.49,0.365,0.145,0.6345,0.1995,0.1625,0.22,2
1,0.59,0.48,0.16,1.262,0.5685,0.2725,0.335,2
1,0.635,0.49,0.16,1.101,0.534,0.1865,0.3455,2
-1,0.45,0.355,0.105,0.5225,0.237,0.1165,0.145,1
1,0.47,0.39,0.15,0.6355,0.2185,0.0885,0.255,2
-1,0.585,0.45,0.16,0.9045,0.405,0.2215,0.2335,1
-1,0.52,0.41,0.155,0.727,0.291,0.1835,0.235,3
0,0.355,0.265,0.085,0.2435,0.122,0.0525,0.06,1
1,0.61,0.49,0.16,1.112,0.465,0.228,0.341,2
1,0.575,0.435,0.13,1.0105,0.368,0.222,0.32,2
-1,0.645,0.505,0.165,1.4325,0.684,0.308,0.336,1
1,0.57,0.47,0.155,1.186,0.6355,0.2315,0.277,2
-1,0.515,0.395,0.135,0.516,0.2015,0.132,0.162,2
1,0.685,0.535,0.155,1.3845,0.6615,0.2145,0.4075,2
0,0.605,0.47,0.145,0.8025,0.379,0.2265,0.22,2
0,0.395,0.29,0.095,0.304,0.127,0.084,0.077,1
-1,0.665,0.53,0.185,1.3955,0.456,0.3205,0.49,3
-1,0.67,0.535,0.185,1.597,0.6275,0.35,0.47,3
0,0.335,0.255,0.08,0.168,0.079,0.0355,0.05,1
0,0.65,0.515,0.16,1.1625,0.495,0.203,0.33,3
1,0.535,0.43,0.14,0.7165,0.2855,0.1595,0.2155,1
1,0.555,0.405,0.19,1.406,0.6115,0.342,0.389,2
1,0.645,0.505,0.15,1.1605,0.519,0.2615,0.335,2
-1,0.47,0.355,0.18,0.441,0.1525,0.1165,0.135,1
0,0.495,0.375,0.115,0.507,0.241,0.103,0.15,1
-1,0.53,0.415,0.15,0.7775,0.237,0.1415,0.33,3
0,0.47,0.345,0.12,0.3685,0.1525,0.0615,0.125,1
0,0.625,0.47,0.155,1.1955,0.643,0.2055,0.3145,3
1,0.595,0.49,0.185,1.185,0.482,0.2015,0.361,2
1,0.57,0.45,0.155,1.1935,0.513,0.21,0.343,2
0,0.49,0.37,0.11,0.538,0.271,0.1035,0.139,1
0,0.36,0.27,0.095,0.2,0.073,0.056,0.061,1
0,0.33,0.25,0.075,0.1405,0.056,0.035,0.05,1
1,0.6,0.48,0.09,1.05,0.457,0.2685,0.28,1
1,0.62,0.5,0.18,1.3915,0.726,0.2795,0.332,3
0,0.445,0.345,0.12,0.4035,0.169,0.0825,0.13,1
1,0.33,0.25,0.09,0.197,0.085,0.041,0.0605,2
1,0.53,0.425,0.13,0.702,0.2975,0.1395,0.22,2
-1,0.52,0.405,0.145,0.829,0.3535,0.1685,0.205,3
0,0.485,0.355,0.12,0.5085,0.21,0.122,0.135,2
0,0.51,0.4,0.15,0.745,0.2865,0.1675,0.235,3
-1,0.565,0.445,0.125,0.8305,0.3135,0.1785,0.23,3
0,0.54,0.415,0.155,0.702,0.322,0.167,0.19,2
0,0.485,0.37,0.115,0.637,0.38,0.1335,0.128,1
0,0.485,0.355,0.13,0.581,0.245,0.132,0.168,3
0,0.62,0.485,0.17,1.208,0.4805,0.3045,0.33,3
0,0.45,0.35,0.135,0.494,0.2205,0.0945,0.1405,1
0,0.575,0.455,0.16,0.9895,0.495,0.195,0.246,2
-1,0.64,0.475,0.19,1.151,0.4365,0.281,0.3805,3
-1,0.67,0.54,0.195,1.619,0.74,0.3305,0.465,3
1,0.645,0.5,0.175,1.3385,0.633,0.299,0.349,3
0,0.495,0.4,0.105,0.602,0.2505,0.1265,0.19,1
1,0.51,0.4,0.14,0.6515,0.2455,0.1665,0.185,2
1,0.545,0.42,0.13,0.879,0.374,0.1695,0.23,3
0,0.485,0.385,0.13,0.568,0.2505,0.178,0.154,1
-1,0.535,0.46,0.145,0.7875,0.3395,0.2005,0.2,1
-1,0.705,0.57,0.18,1.5345,0.96,0.4195,0.43,3
0,0.235,0.18,0.06,0.058,0.022,0.0145,0.018,1
-1,0.375,0.295,0.11,0.3005,0.1255,0.0575,0.1035,1
1,0.67,0.525,0.18,1.4915,0.728,0.343,0.381,2
1,0.39,0.3,0.09,0.3055,0.143,0.0645,0.085,2
0,0.525,0.375,0.12,0.6315,0.3045,0.114,0.19,2
-1,0.69,0.555,0.205,1.8165,0.7785,0.4395,0.515,3
1,0.705,0.555,0.215,2.141,1.0465,0.383,0.528,3
0,0.42,0.32,0.1,0.34,0.1745,0.05,0.0945,1
0,0.44,0.32,0.105,0.3875,0.1755,0.074,0.12,2
0,0.485,0.37,0.115,0.457,0.1885,0.0965,0.15,2
1,0.475,0.375,0.13,0.5175,0.2075,0.1165,0.17,2
0,0.225,0.17,0.07,0.0565,0.024,0.013,0.016,1
1,0.58,0.45,0.155,0.8275,0.321,0.1975,0.2445,1
0,0.515,0.415,0.135,0.7125,0.285,0.152,0.245,2
-1,0.525,0.44,0.125,0.7115,0.3205,0.159,0.1915,1
-1,0.6,0.45,0.15,0.9625,0.4375,0.2225,0.2775,2
0,0.375,0.275,0.1,0.2325,0.1165,0.042,0.065,1
0,0.55,0.44,0.165,0.8605,0.312,0.169,0.3,3
-1,0.51,0.37,0.21,1.183,0.508,0.292,0.343,2
1,0.65,0.51,0.175,1.446,0.6485,0.2705,0.45,3
0,0.35,0.26,0.095,0.211,0.086,0.056,0.068,1
1,0.6,0.46,0.17,1.1805,0.456,0.337,0.329,3
0,0.575,0.43,0.13,0.7425,0.2895,0.2005,0.22,1
0,0.275,0.195,0.065,0.106,0.054,0.02,0.028,1
-1,0.545,0.43,0.165,0.802,0.2935,0.183,0.28,3
1,0.59,0.44,0.135,0.966,0.439,0.2145,0.2605,2
0,0.19,0.13,0.045,0.0265,0.009,0.005,0.009,1
0,0.52,0.41,0.14,0.699,0.3395,0.129,0.1945,2
1,0.585,0.45,0.18,0.7995,0.336,0.1855,0.237,1
0,0.41,0.335,0.11,0.33,0.157,0.0705,0.17,1
1,0.67,0.515,0.165,1.1735,0.526,0.285,0.316,3
1,0.77,0.605,0.175,2.0505,0.8005,0.526,0.355,3
1,0.615,0.46,0.17,1.0565,0.4815,0.272,0.27,2
-1,0.66,0.53,0.18,1.5175,0.7765,0.302,0.401,2
0,0.62,0.47,0.14,0.8565,0.3595,0.16,0.295,2
0,0.41,0.32,0.095,0.2905,0.141,0.063,0.073,1
-1,0.64,0.525,0.175,1.382,0.646,0.3115,0.37,2
0,0.535,0.385,0.18,1.0835,0.4955,0.2295,0.304,1
1,0.505,0.385,0.105,0.5525,0.239,0.1245,0.1555,2
0,0.495,0.38,0.145,0.5,0.205,0.148,0.1505,1
0,0.54,0.42,0.14,0.7265,0.3205,0.1445,0.229,2
1,0.425,0.325,0.095,0.3785,0.1705,0.08,0.1,1
1,0.535,0.44,0.165,0.875,0.279,0.18,0.3,2
1,0.59,0.47,0.18,1.187,0.5985,0.227,0.31,2
-1,0.53,0.42,0.14,0.627,0.2905,0.1165,0.183,1
-1,0.4,0.305,0.16,0.368,0.173,0.0705,0.105,1
-1,0.5,0.375,0.115,0.5945,0.185,0.148,0.19,3
0,0.54,0.425,0.13,0.8155,0.3675,0.1365,0.246,3
0,0.49,0.365,0.125,0.5585,0.252,0.126,0.1615,2
0,0.255,0.185,0.06,0.088,0.0365,0.021,0.023,1
1,0.345,0.27,0.09,0.195,0.078,0.0455,0.059,2
0,0.46,0.345,0.105,0.449,0.196,0.0945,0.1265,1
0,0.52,0.395,0.125,0.5805,0.2445,0.146,0.165,2
1,0.57,0.455,0.155,0.832,0.3585,0.174,0.277,3
-1,0.615,0.475,0.175,1.194,0.559,0.259,0.3165,3
1,0.585,0.45,0.175,1.1275,0.4925,0.262,0.335,3
-1,0.53,0.425,0.17,0.949,0.3485,0.2395,0.278,3
-1,0.6,0.5,0.17,1.13,0.4405,0.267,0.335,3
-1,0.56,0.435,0.125,0.8775,0.3345,0.2145,0.29,3
-1,0.525,0.4,0.115,0.6295,0.2555,0.144,0.18,3
1,0.645,0.485,0.215,1.514,0.546,0.2615,0.635,3
-1,0.46,0.365,0.115,0.4485,0.165,0.083,0.17,3
0,0.62,0.48,0.18,1.1305,0.5285,0.2655,0.306,3
-1,0.49,0.38,0.155,0.578,0.2395,0.1255,0.18,2
-1,0.68,0.52,0.185,1.541,0.5985,0.395,0.4575,2
0,0.255,0.195,0.07,0.0735,0.0255,0.02,0.025,1
-1,0.71,0.53,0.195,1.8745,0.6755,0.4065,0.6855,3
1,0.43,0.31,0.13,0.6485,0.2735,0.163,0.184,2
-1,0.53,0.42,0.17,0.828,0.41,0.208,0.1505,1
-1,0.49,0.39,0.135,0.5785,0.2465,0.123,0.2,3
1,0.55,0.43,0.18,0.8265,0.4405,0.159,0.225,2
1,0.62,0.495,0.175,1.806,0.643,0.3285,0.725,3
1,0.655,0.525,0.18,1.402,0.624,0.2935,0.365,3
1,0.61,0.365,0.155,1.0765,0.488,0.249,0.27,2
1,0.545,0.45,0.15,0.978,0.3365,0.1905,0.3,3
1,0.395,0.305,0.105,0.282,0.0975,0.065,0.096,2
0,0.315,0.24,0.07,0.137,0.0545,0.0315,0.04,1
0,0.44,0.34,0.1,0.379,0.1725,0.0815,0.101,1
1,0.65,0.505,0.18,1.469,0.7115,0.3335,0.38,2
1,0.665,0.515,0.19,1.6385,0.831,0.3575,0.371,3
-1,0.55,0.45,0.15,0.875,0.362,0.1755,0.2765,2
0,0.375,0.28,0.08,0.2025,0.0825,0.048,0.065,1
0,0.44,0.365,0.11,0.4465,0.213,0.089,0.1135,2
-1,0.49,0.36,0.11,0.5005,0.161,0.107,0.195,3
1,0.505,0.4,0.155,0.8415,0.2715,0.1775,0.285,3
-1,0.63,0.5,0.185,1.383,0.54,0.3315,0.38,2
-1,0.525,0.405,0.16,0.658,0.2655,0.1125,0.225,3
-1,0.55,0.405,0.125,0.651,0.2965,0.137,0.2,2
0,0.53,0.42,0.14,0.6765,0.256,0.1855,0.208,2
-1,0.8,0.63,0.195,2.526,0.933,0.59,0.62,3
1,0.575,0.465,0.15,1.08,0.595,0.2065,0.238,2
-1,0.58,0.5,0.165,0.925,0.37,0.185,0.3005,2
0,0.5,0.375,0.145,0.5795,0.239,0.1375,0.185,2
0,0.44,0.34,0.12,0.438,0.2115,0.083,0.12,2
1,0.555,0.435,0.14,0.7495,0.341,0.1645,0.214,1
-1,0.655,0.54,0.175,1.5585,0.7285,0.402,0.385,3
-1,0.58,0.44,0.175,1.073,0.4005,0.2345,0.335,3
-1,0.68,0.55,0.2,1.596,0.525,0.4075,0.585,3
-1,0.655,0.515,0.18,1.412,0.6195,0.2485,0.497,3
1,0.635,0.48,0.235,1.064,0.413,0.228,0.36,3
-1,0.6,0.505,0.19,1.129,0.4385,0.256,0.36,3
1,0.595,0.455,0.155,1.041,0.416,0.2105,0.365,3
1,0.47,0.37,0.135,0.547,0.222,0.1325,0.17,3
-1,0.66,0.5,0.175,1.3275,0.556,0.2805,0.4085,2
-1,0.475,0.375,0.14,0.501,0.192,0.1175,0.175,3
1,0.55,0.41,0.13,0.8705,0.4455,0.2115,0.213,2
1,0.55,0.41,0.125,0.7605,0.2505,0.1635,0.195,3
-1,0.7,0.545,0.13,1.556,0.6725,0.374,0.195,3
0,0.47,0.355,0.12,0.4915,0.1765,0.1125,0.1325,2
-1,0.69,0.525,0.19,1.492,0.6425,0.3905,0.42,3
-1,0.68,0.56,0.195,1.7775,0.861,0.322,0.415,3
1,0.645,0.485,0.155,1.489,0.5915,0.312,0.38,3
1,0.5,0.4,0.145,0.6025,0.216,0.138,0.21,3
-1,0.56,0.445,0.155,1.224,0.5565,0.3225,0.2695,2
0,0.595,0.43,0.165,0.9845,0.4525,0.207,0.2725,1
-1,0.605,0.46,0.17,1.122,0.347,0.3045,0.315,3
1,0.5,0.385,0.12,0.6335,0.2305,0.125,0.235,3
-1,0.705,0.57,0.185,1.761,0.747,0.3725,0.488,2
1,0.525,0.425,0.19,0.872,0.4625,0.1725,0.199,2
1,0.675,0.525,0.175,1.402,0.483,0.3205,0.465,3
1,0.665,0.505,0.16,1.289,0.6145,0.253,0.3665,3
1,0.6,0.495,0.175,1.3005,0.6195,0.284,0.3285,3
1,0.695,0.54,0.195,1.691,0.768,0.363,0.4755,3
-1,0.555,0.435,0.165,0.97,0.336,0.2315,0.295,3
1,0.475,0.365,0.14,0.6175,0.202,0.1445,0.19,3
0,0.55,0.425,0.155,0.8725,0.412,0.187,0.2425,2
-1,0.67,0.525,0.19,1.527,0.5755,0.353,0.44,3
-1,0.525,0.425,0.14,0.8735,0.4205,0.182,0.2225,2
1,0.59,0.405,0.15,0.853,0.326,0.2615,0.245,2
1,0.55,0.405,0.15,0.9235,0.412,0.2135,0.24,1
0,0.31,0.24,0.105,0.2885,0.118,0.065,0.083,1
-1,0.505,0.375,0.18,0.568,0.2325,0.1495,0.17,3
-1,0.63,0.5,0.16,1.22,0.4905,0.3,0.345,3
0,0.36,0.26,0.08,0.1795,0.074,0.0315,0.06,1
0,0.475,0.35,0.115,0.498,0.2375,0.099,0.14,1
1,0.45,0.33,0.105,0.4955,0.2575,0.082,0.129,1
1,0.565,0.465,0.175,0.995,0.3895,0.183,0.37,3
-1,0.47,0.365,0.12,0.543,0.2295,0.1495,0.15,2
0,0.28,0.215,0.08,0.132,0.072,0.022,0.033,1
1,0.6,0.47,0.16,1.194,0.5625,0.3045,0.2635,2
1,0.44,0.32,0.12,0.4565,0.2435,0.092,0.1025,1
-1,0.535,0.425,0.135,0.771,0.3765,0.1815,0.1795,1
1,0.645,0.525,0.16,1.5075,0.7455,0.245,0.4325,3
0,0.435,0.355,0.125,0.4075,0.1535,0.074,0.165,2
1,0.515,0.385,0.13,0.623,0.2855,0.1285,0.175,2
1,0.415,0.345,0.135,0.3865,0.128,0.07,0.148,3
-1,0.425,0.345,0.11,0.3665,0.125,0.081,0.117,3
1,0.355,0.265,0.085,0.201,0.069,0.053,0.0695,1
1,0.525,0.41,0.165,0.8005,0.2635,0.1985,0.25,3
1,0.53,0.4,0.125,0.7575,0.398,0.151,0.175,1
0,0.53,0.43,0.135,0.6255,0.245,0.1455,0.2135,2
1,0.665,0.525,0.165,1.338,0.5515,0.3575,0.35,3
-1,0.595,0.465,0.155,1.026,0.4645,0.112,0.305,3
1,0.43,0.335,0.12,0.397,0.1985,0.0865,0.1035,1
1,0.605,0.475,0.145,0.884,0.3835,0.1905,0.27,1
0,0.365,0.275,0.09,0.2345,0.108,0.051,0.0625,1
0,0.45,0.335,0.105,0.362,0.1575,0.0795,0.1095,1
0,0.59,0.47,0.145,0.974,0.453,0.236,0.289,1
-1,0.61,0.48,0.16,1.234,0.598,0.238,0.315,3
1,0.595,0.475,0.165,1.213,0.621,0.2435,0.274,2
0,0.3,0.22,0.08,0.1255,0.055,0.0265,0.039,1
1,0.555,0.4,0.13,0.7075,0.332,0.1585,0.18,1
-1,0.595,0.48,0.2,0.975,0.358,0.2035,0.34,3
-1,0.36,0.265,0.09,0.2065,0.078,0.057,0.06,1
0,0.435,0.32,0.08,0.3325,0.1485,0.0635,0.105,2
0,0.275,0.195,0.09,0.1125,0.0545,0.0295,0.0355,1
0,0.41,0.3,0.09,0.304,0.129,0.071,0.0955,1
-1,0.63,0.475,0.175,1.423,0.4155,0.3385,0.49,3
0,0.57,0.42,0.13,0.7745,0.3535,0.1505,0.2365,2
0,0.395,0.27,0.1,0.2985,0.1445,0.061,0.082,1
-1,0.6,0.465,0.165,0.8875,0.309,0.246,0.262,3
1,0.715,0.55,0.19,2.0045,1.0465,0.407,0.5075,3
-1,0.735,0.6,0.22,2.555,1.1335,0.44,0.6,3
-1,0.505,0.39,0.175,0.692,0.267,0.15,0.215,3
1,0.53,0.415,0.175,0.7395,0.261,0.1395,0.2645,3
0,0.325,0.25,0.08,0.176,0.0595,0.0355,0.063,1
0,0.46,0.345,0.105,0.415,0.187,0.087,0.11,1
0,0.445,0.34,0.145,0.434,0.1945,0.0905,0.13,1
0,0.275,0.2,0.055,0.0925,0.038,0.021,0.026,1
1,0.595,0.47,0.175,0.991,0.382,0.2395,0.5,3
1,0.48,0.395,0.15,0.6815,0.2145,0.1405,0.2495,3
0,0.255,0.19,0.05,0.083,0.0295,0.0215,0.027,1
-1,0.52,0.425,0.165,0.9885,0.396,0.225,0.32,3
1,0.735,0.57,0.175,1.88,0.9095,0.387,0.488,3
-1,0.675,0.565,0.195,1.8375,0.7645,0.3615,0.553,3
0,0.52,0.41,0.14,0.5995,0.242,0.1375,0.182,3
0,0.53,0.42,0.185,0.752,0.299,0.156,0.205,3
1,0.4,0.305,0.13,0.2935,0.096,0.0675,0.105,2
1,0.405,0.305,0.12,0.3185,0.1235,0.0905,0.095,1
0,0.53,0.425,0.13,0.7675,0.419,0.1205,0.21,2
-1,0.37,0.275,0.08,0.227,0.093,0.0625,0.07,1
1,0.485,0.395,0.14,0.6295,0.2285,0.127,0.225,3
0,0.28,0.205,0.07,0.1015,0.041,0.03,0.03,1
0,0.24,0.185,0.07,0.0715,0.026,0.018,0.025,1
0,0.375,0.28,0.09,0.215,0.084,0.06,0.055,1
1,0.585,0.455,0.15,0.906,0.4095,0.23,0.2335,1
1,0.65,0.525,0.19,1.3685,0.5975,0.296,0.4,3
0,0.21,0.15,0.045,0.04,0.0135,0.008,0.0105,1
-1,0.72,0.55,0.2,1.9965,0.9035,0.469,0.5215,2
-1,0.44,0.34,0.13,0.4195,0.153,0.1155,0.13,2
0,0.515,0.395,0.125,0.6635,0.32,0.14,0.17,1
1,0.37,0.285,0.1,0.228,0.0675,0.0675,0.081,2
-1,0.66,0.505,0.185,1.528,0.69,0.3025,0.441,3
0,0.55,0.425,0.15,0.639,0.269,0.1345,0.217,2
-1,0.595,0.46,0.16,0.921,0.4005,0.2025,0.2875,2
1,0.6,0.47,0.175,1.105,0.4865,0.247,0.315,3
-1,0.645,0.51,0.19,1.363,0.573,0.362,0.36,2
1,0.565,0.44,0.155,0.868,0.348,0.217,0.26,3
0,0.48,0.39,0.15,0.6275,0.276,0.134,0.185,3
-1,0.525,0.425,0.16,0.8355,0.3545,0.2135,0.245,2
-1,0.545,0.41,0.125,0.6935,0.2975,0.146,0.21,3
-1,0.63,0.505,0.165,1.065,0.4595,0.216,0.315,3
-1,0.565,0.45,0.135,0.9885,0.387,0.1495,0.31,3
1,0.425,0.305,0.11,0.359,0.173,0.0875,0.0975,2
1,0.66,0.535,0.2,1.791,0.733,0.318,0.54,3
1,0.605,0.49,0.14,0.9755,0.419,0.206,0.315,2
1,0.52,0.4,0.12,0.823,0.298,0.1805,0.265,3
1,0.625,0.49,0.185,1.169,0.5275,0.2535,0.344,3
1,0.57,0.45,0.145,0.95,0.4005,0.2235,0.2845,2
1,0.56,0.45,0.175,1.011,0.3835,0.2065,0.37,3
-1,0.5,0.385,0.13,0.768,0.2625,0.095,0.27,3
-1,0.605,0.515,0.17,1.289,0.6,0.2945,0.3315,2
0,0.455,0.355,0.105,0.372,0.138,0.0765,0.135,2
0,0.13,0.095,0.035,0.0105,0.005,0.0065,0.0035,1
1,0.615,0.5,0.17,1.054,0.4845,0.228,0.295,2
0,0.39,0.3,0.09,0.252,0.1065,0.053,0.08,1
0,0.31,0.215,0.075,0.1275,0.0565,0.0275,0.036,1
-1,0.54,0.425,0.16,0.9455,0.3675,0.2005,0.295,2
-1,0.53,0.425,0.15,0.8495,0.328,0.232,0.202,1
1,0.585,0.46,0.15,1.206,0.581,0.216,0.323,2
0,0.52,0.405,0.14,0.6765,0.2865,0.146,0.205,3
-1,0.475,0.36,0.125,0.447,0.1695,0.081,0.14,2
-1,0.575,0.46,0.165,1.124,0.2985,0.1785,0.44,3
0,0.565,0.435,0.145,0.8445,0.3975,0.158,0.255,2
1,0.375,0.29,0.1,0.276,0.1175,0.0565,0.085,2
0,0.55,0.435,0.165,0.804,0.34,0.194,0.244,1
-1,0.655,0.53,0.19,1.428,0.493,0.318,0.565,3
-1,0.58,0.45,0.235,1.071,0.3,0.206,0.395,3
-1,0.465,0.35,0.115,0.421,0.1565,0.091,0.1345,2
-1,0.555,0.425,0.14,0.788,0.282,0.1595,0.285,3
-1,0.61,0.43,0.14,0.909,0.438,0.2,0.22,1
-1,0.55,0.425,0.135,0.8515,0.362,0.196,0.27,3
0,0.5,0.38,0.135,0.5285,0.226,0.123,0.209,1
0,0.315,0.23,0.08,0.1375,0.0545,0.031,0.0445,1
-1,0.43,0.335,0.12,0.444,0.155,0.1145,0.14,3
-1,0.63,0.475,0.15,1.072,0.433,0.2975,0.315,1
1,0.495,0.375,0.115,0.6245,0.282,0.143,0.155,1
-1,0.57,0.495,0.16,1.0915,0.452,0.275,0.315,3
0,0.41,0.305,0.09,0.3535,0.157,0.0745,0.1,1
-1,0.65,0.51,0.155,1.189,0.483,0.278,0.3645,3
1,0.66,0.505,0.165,1.374,0.589,0.351,0.345,2
-1,0.54,0.475,0.155,0.928,0.394,0.194,0.26,3
1,0.66,0.52,0.19,1.558,0.755,0.298,0.4,2
-1,0.595,0.48,0.15,1.11,0.498,0.228,0.33,2
-1,0.545,0.41,0.115,0.6765,0.29,0.158,0.22,2
1,0.575,0.435,0.135,0.992,0.432,0.2225,0.239,2
0,0.34,0.245,0.085,0.2015,0.1005,0.038,0.053,1
-1,0.66,0.525,0.2,1.463,0.6525,0.2995,0.422,3
0,0.54,0.435,0.145,0.97,0.4285,0.22,0.264,3
1,0.575,0.445,0.145,0.876,0.3795,0.1615,0.27,2
-1,0.485,0.38,0.15,0.605,0.2155,0.14,0.18,3
1,0.665,0.515,0.2,1.2695,0.5115,0.2675,0.436,3
0,0.55,0.435,0.14,0.7995,0.295,0.1905,0.238,2
1,0.615,0.475,0.175,1.224,0.6035,0.261,0.311,2
1,0.255,0.195,0.065,0.08,0.0315,0.018,0.027,1
1,0.46,0.36,0.135,0.6105,0.1955,0.107,0.235,3
0,0.53,0.41,0.15,0.612,0.2435,0.1525,0.1895,3
-1,0.575,0.45,0.16,1.068,0.556,0.214,0.2575,2
-1,0.485,0.375,0.145,0.5885,0.2385,0.1155,0.19,3
1,0.545,0.46,0.16,0.8975,0.341,0.1655,0.345,2
